ASIN,title,status
https://www.amazon.com/gp/offer-listing/B079QHML21/ref=dp_olp_new_mbc?ie=UTF8&amp;condition=all,,404
https://www.amazon.com/gp/offer-listing/B07FZ8S74R/ref=dp_olp_new_mbc?ie=UTF8&amp;condition=all,,404
https://www.amazon.com/gp/offer-listing/B07XJ8C8F5/ref=dp_olp_new_mbc?ie=UTF8&amp;condition=all,,404
https://www.amazon.com/gp/offer-listing/B07WVFCVJN/ref=dp_olp_new_mbc?ie=UTF8&amp;condition=all,,404
https://www.amazon.com/gp/offer-listing/B08YT2N5SX/ref=dp_olp_new_mbc?ie=UTF8&amp;condition=all,,404
https://www.amazon.com/gp/offer-listing/B07TMJ1R3X/ref=dp_olp_new_mbc?ie=UTF8&amp;condition=all,,404
https://www.amazon.com/gp/offer-listing/B07X6C9RMF/ref=dp_olp_new_mbc?ie=UTF8&amp;condition=all,,404
https://www.amazon.com/gp/offer-listing/B08BX7FV5L/ref=dp_olp_new_mbc?ie=UTF8&amp;condition=all,,404
https://www.amazon.com/gp/offer-listing/B075XLWML4/ref=dp_olp_new_mbc?ie=UTF8&amp;condition=all,,404
https://www.amazon.com/gp/offer-listing/B089DR29T6/ref=dp_olp_new_mbc?ie=UTF8&amp;condition=all,,404
https://www.amazon.com/gp/offer-listing/B07WDDT3G5/ref=dp_olp_new_mbc?ie=UTF8&amp;condition=all,,404
https://www.amazon.com/gp/offer-listing/B086DKSHQ4/ref=dp_olp_new_mbc?ie=UTF8&amp;condition=all,,404
https://www.amazon.com/gp/offer-listing/B08YSYKH19/ref=dp_olp_new_mbc?ie=UTF8&amp;condition=all,,404
https://www.amazon.com/gp/offer-listing/B084J4MZK8/ref=dp_olp_new_mbc?ie=UTF8&amp;condition=all,,404
https://www.amazon.com/gp/offer-listing/B07HZLHPKP/ref=dp_olp_new_mbc?ie=UTF8&amp;condition=all,,404
https://www.amazon.com/gp/offer-listing/B07CXG6C9W/ref=dp_olp_new_mbc?ie=UTF8&amp;condition=all,,404
https://www.amazon.com/gp/offer-listing/B07VTK654B/ref=dp_olp_new_mbc?ie=UTF8&amp;condition=all,,404
https://www.amazon.com/gp/offer-listing/B00EB4ADQW/ref=dp_olp_new_mbc?ie=UTF8&amp;condition=all,,404
https://www.amazon.com/gp/offer-listing/B07W95GZNH/ref=dp_olp_new_mbc?ie=UTF8&amp;condition=all,,404
https://www.amazon.com/gp/offer-listing/B07FPP6TB5/ref=dp_olp_new_mbc?ie=UTF8&amp;condition=all,,404
https://www.amazon.com/gp/offer-listing/B07WQ1VH72/ref=dp_olp_new_mbc?ie=UTF8&amp;condition=all,,404
https://www.amazon.com/gp/offer-listing/B086DL32R3/ref=dp_olp_new_mbc?ie=UTF8&amp;condition=all,,404
https://www.amazon.com/gp/offer-listing/B07Q3T177V/ref=dp_olp_new_mbc?ie=UTF8&amp;condition=all,,404
https://www.amazon.com/gp/offer-listing/B00BWF5U0M/ref=dp_olp_new_mbc?ie=UTF8&amp;condition=all,,404
https://www.amazon.com/gp/offer-listing/B086DKSYTS/ref=dp_olp_new_mbc?ie=UTF8&amp;condition=all,,404
https://www.amazon.com/gp/offer-listing/B08G9TJWW9/ref=dp_olp_new_mbc?ie=UTF8&amp;condition=all,,404
https://www.amazon.com/gp/offer-listing/B01FXC7JWQ/ref=dp_olp_new_mbc?ie=UTF8&amp;condition=all,,404
https://www.amazon.com/gp/offer-listing/B07DGR98VQ/ref=dp_olp_new_mbc?ie=UTF8&amp;condition=all,,404
https://www.amazon.com/gp/offer-listing/B07XKF5RM3/ref=dp_olp_new_mbc?ie=UTF8&amp;condition=all,,404
https://www.amazon.com/gp/offer-listing/B08KY684PB/ref=dp_olp_new_mbc?ie=UTF8&amp;condition=all,,404
https://www.amazon.com/gp/offer-listing/B00DOMYL24/ref=dp_olp_new_mbc?ie=UTF8&amp;condition=all,,404
https://www.amazon.com/gp/offer-listing/B091N43KTX/ref=dp_olp_new_mbc?ie=UTF8&amp;condition=all,,404
https://www.amazon.com/gp/offer-listing/B07CVL2D2S/ref=dp_olp_new_mbc?ie=UTF8&amp;condition=all,,404
https://www.amazon.com/gp/offer-listing/B0872FYTWS/ref=dp_olp_new_mbc?ie=UTF8&amp;condition=all,,404
https://www.amazon.com/gp/offer-listing/B08ZN97SWW/ref=dp_olp_new_mbc?ie=UTF8&amp;condition=all,,404
https://www.amazon.com/gp/offer-listing/B079JD7F7G/ref=dp_olp_new_mbc?ie=UTF8&amp;condition=all,,404
https://www.amazon.com/gp/offer-listing/B07WFLBX6Q/ref=dp_olp_new_mbc?ie=UTF8&amp;condition=all,,404
https://www.amazon.com/gp/offer-listing/B07H8WS1FT/ref=dp_olp_new_mbc?ie=UTF8&amp;condition=all,,404
https://www.amazon.com/gp/offer-listing/B086DKMSSM/ref=dp_olp_new_mbc?ie=UTF8&amp;condition=all,,404
https://www.amazon.com/gp/offer-listing/B015IY34FA/ref=dp_olp_new_mbc?ie=UTF8&amp;condition=all,,404
https://www.amazon.com/gp/offer-listing/B07WJS3QDX/ref=dp_olp_new_mbc?ie=UTF8&amp;condition=all,,404
https://www.amazon.com/gp/offer-listing/B0874YZVWK/ref=dp_olp_new_mbc?ie=UTF8&amp;condition=all,,404
https://www.amazon.com/gp/offer-listing/B08F5LQCYP/ref=dp_olp_new_mbc?ie=UTF8&amp;condition=all,,404
https://www.amazon.com/gp/offer-listing/B07X27VK3D/ref=dp_olp_new_mbc?ie=UTF8&amp;condition=all,,404
https://www.amazon.com/gp/offer-listing/B07PS737QQ/ref=dp_olp_new_mbc?ie=UTF8&amp;condition=all,,404
https://www.amazon.com/gp/offer-listing/B08J61NFNR/ref=dp_olp_new_mbc?ie=UTF8&amp;condition=all,,404
https://www.amazon.com/gp/offer-listing/B0916TKFF2/ref=dp_olp_new_mbc?ie=UTF8&amp;condition=all,,404
https://www.amazon.com/gp/offer-listing/B086VR9J8Q/ref=dp_olp_new_mbc?ie=UTF8&amp;condition=all,,404
https://www.amazon.com/gp/offer-listing/B07YGZL8XF/ref=dp_olp_new_mbc?ie=UTF8&amp;condition=all,,404
https://www.amazon.com/gp/offer-listing/B095NWYQBC/ref=dp_olp_new_mbc?ie=UTF8&amp;condition=all,,404
https://www.amazon.com/gp/offer-listing/B086VRY8GZ/ref=dp_olp_new_mbc?ie=UTF8&amp;condition=all,,404
https://www.amazon.com/gp/offer-listing/B071FXZBMV/ref=dp_olp_new_mbc?ie=UTF8&amp;condition=all,,404
https://www.amazon.com/gp/offer-listing/B07FKR6KXF/ref=dp_olp_new_mbc?ie=UTF8&amp;condition=all,,404
https://www.amazon.com/gp/offer-listing/B084J4KNDS/ref=dp_olp_new_mbc?ie=UTF8&amp;condition=all,,404
https://www.amazon.com/gp/offer-listing/B08F6B347L/ref=dp_olp_new_mbc?ie=UTF8&amp;condition=all,,404
https://www.amazon.com/gp/offer-listing/B087RKKXM5/ref=dp_olp_new_mbc?ie=UTF8&amp;condition=all,,404
https://www.amazon.com/gp/offer-listing/B07PF1Y28C/ref=dp_olp_new_mbc?ie=UTF8&amp;condition=all,,404
https://www.amazon.com/gp/offer-listing/B08DFCWVZ4/ref=dp_olp_new_mbc?ie=UTF8&amp;condition=all,,404
https://www.amazon.com/gp/offer-listing/B086VRR9K9/ref=dp_olp_new_mbc?ie=UTF8&amp;condition=all,,404
https://www.amazon.com/gp/offer-listing/B07KGVB6D6/ref=dp_olp_new_mbc?ie=UTF8&amp;condition=all,,404
https://www.amazon.com/gp/offer-listing/B081RJ8DW1/ref=dp_olp_new_mbc?ie=UTF8&amp;condition=all,,404
https://www.amazon.com/gp/offer-listing/B08YKGZF7P/ref=dp_olp_new_mbc?ie=UTF8&amp;condition=all,,404
https://www.amazon.com/gp/offer-listing/B08ZN8JP3G/ref=dp_olp_new_mbc?ie=UTF8&amp;condition=all,,404
https://www.amazon.com/gp/offer-listing/B07HZJ64WD/ref=dp_olp_new_mbc?ie=UTF8&amp;condition=all,,404
https://www.amazon.com/gp/offer-listing/B0148NNKTC/ref=dp_olp_new_mbc?ie=UTF8&amp;condition=all,,404
https://www.amazon.com/gp/offer-listing/B086DKGCFP/ref=dp_olp_new_mbc?ie=UTF8&amp;condition=all,,404
https://www.amazon.com/gp/offer-listing/B08F6DWKQP/ref=dp_olp_new_mbc?ie=UTF8&amp;condition=all,,404
https://www.amazon.com/gp/offer-listing/B07978J597/ref=dp_olp_new_mbc?ie=UTF8&amp;condition=all,,404
https://www.amazon.com/gp/offer-listing/B07WGL828F/ref=dp_olp_new_mbc?ie=UTF8&amp;condition=all,,404
https://www.amazon.com/gp/offer-listing/B08R6S1M1K/ref=dp_olp_new_mbc?ie=UTF8&amp;condition=all,,404
https://www.amazon.com/gp/offer-listing/B084DCJKSL/ref=dp_olp_new_mbc?ie=UTF8&amp;condition=all,,404
https://www.amazon.com/gp/offer-listing/B07TWFVDWT/ref=dp_olp_new_mbc?ie=UTF8&amp;condition=all,,404
https://www.amazon.com/gp/offer-listing/B07MVZZV3G/ref=dp_olp_new_mbc?ie=UTF8&amp;condition=all,,404
https://www.amazon.com/gp/offer-listing/B08F6GPQQ7/ref=dp_olp_new_mbc?ie=UTF8&amp;condition=all,,404
https://www.amazon.com/gp/offer-listing/B085WSCTS4/ref=dp_olp_new_mbc?ie=UTF8&amp;condition=all,,404
https://www.amazon.com/gp/offer-listing/B074JT3698/ref=dp_olp_new_mbc?ie=UTF8&amp;condition=all,,404
https://www.amazon.com/gp/offer-listing/B085TC9N3K/ref=dp_olp_new_mbc?ie=UTF8&amp;condition=all,,404
https://www.amazon.com/gp/offer-listing/B08J65DST5/ref=dp_olp_new_mbc?ie=UTF8&amp;condition=all,,404
https://www.amazon.com/gp/offer-listing/B08F6L6HVP/ref=dp_olp_new_mbc?ie=UTF8&amp;condition=all,,404
https://www.amazon.com/gp/offer-listing/B08YSYKBLV/ref=dp_olp_new_mbc?ie=UTF8&amp;condition=all,,404
https://www.amazon.com/gp/offer-listing/B08ZN7QCRP/ref=dp_olp_new_mbc?ie=UTF8&amp;condition=all,,404
https://www.amazon.com/gp/offer-listing/B07F981R8M/ref=dp_olp_new_mbc?ie=UTF8&amp;condition=all,,404
https://www.amazon.com/gp/offer-listing/B08YMBQJ49/ref=dp_olp_new_mbc?ie=UTF8&amp;condition=all,,404
https://www.amazon.com/gp/offer-listing/B07CCGBB7M/ref=dp_olp_new_mbc?ie=UTF8&amp;condition=all,,404
https://www.amazon.com/gp/offer-listing/B07GPFDL1K/ref=dp_olp_new_mbc?ie=UTF8&amp;condition=all,,404
https://www.amazon.com/gp/offer-listing/B07N4DHFZM/ref=dp_olp_new_mbc?ie=UTF8&amp;condition=all,,404
https://www.amazon.com/gp/offer-listing/B07D25RSWX/ref=dp_olp_new_mbc?ie=UTF8&amp;condition=all,,404
https://www.amazon.com/gp/offer-listing/B08F6FYN6B/ref=dp_olp_new_mbc?ie=UTF8&amp;condition=all,,404
https://www.amazon.com/gp/offer-listing/B001E1Y5O6/ref=dp_olp_new_mbc?ie=UTF8&amp;condition=all,,404
https://www.amazon.com/gp/offer-listing/B08BNVQDWT/ref=dp_olp_new_mbc?ie=UTF8&amp;condition=all,,404
https://www.amazon.com/gp/offer-listing/B072M34RQC/ref=dp_olp_new_mbc?ie=UTF8&amp;condition=all,,404
https://www.amazon.com/gp/offer-listing/B01171X0UW/ref=dp_olp_new_mbc?ie=UTF8&amp;condition=all,,404
https://www.amazon.com/gp/offer-listing/B08J5Q255V/ref=dp_olp_new_mbc?ie=UTF8&amp;condition=all,,404
https://www.amazon.com/gp/offer-listing/B0758L64L9/ref=dp_olp_new_mbc?ie=UTF8&amp;condition=all,,404
https://www.amazon.com/gp/offer-listing/B08N5LNQCX/ref=dp_olp_new_mbc?ie=UTF8&amp;condition=all,,404
https://www.amazon.com/gp/offer-listing/B079RKX5ZL/ref=dp_olp_new_mbc?ie=UTF8&amp;condition=all,,404
https://www.amazon.com/gp/offer-listing/B08F58MXQG/ref=dp_olp_new_mbc?ie=UTF8&amp;condition=all,,404
https://www.amazon.com/gp/offer-listing/B08DHDS4T3/ref=dp_olp_new_mbc?ie=UTF8&amp;condition=all,,404
https://www.amazon.com/gp/offer-listing/B07LF27WBQ/ref=dp_olp_new_mbc?ie=UTF8&amp;condition=all,,404
https://www.amazon.com/gp/offer-listing/B07X1QPRYQ/ref=dp_olp_new_mbc?ie=UTF8&amp;condition=all,,404
https://www.amazon.com/gp/offer-listing/B0749FWLTP/ref=dp_olp_new_mbc?ie=UTF8&amp;condition=all,,404
https://www.amazon.com/gp/offer-listing/B004DNVP8G/ref=dp_olp_new_mbc?ie=UTF8&amp;condition=all,,404
https://www.amazon.com/gp/offer-listing/B077ZKF9ZN/ref=dp_olp_new_mbc?ie=UTF8&amp;condition=all,,404
https://www.amazon.com/gp/offer-listing/B08FBL9RML/ref=dp_olp_new_mbc?ie=UTF8&amp;condition=all,,404
https://www.amazon.com/gp/offer-listing/B0888P5DWX/ref=dp_olp_new_mbc?ie=UTF8&amp;condition=all,,404
https://www.amazon.com/gp/offer-listing/B07FSDTB22/ref=dp_olp_new_mbc?ie=UTF8&amp;condition=all,,404
https://www.amazon.com/gp/offer-listing/B07611Y7NN/ref=dp_olp_new_mbc?ie=UTF8&amp;condition=all,,404
https://www.amazon.com/gp/offer-listing/B009CTUHOY/ref=dp_olp_new_mbc?ie=UTF8&amp;condition=all,,404
https://www.amazon.com/gp/offer-listing/B07CV7NGSP/ref=dp_olp_new_mbc?ie=UTF8&amp;condition=all,,404
https://www.amazon.com/gp/offer-listing/B07TSCZV2P/ref=dp_olp_new_mbc?ie=UTF8&amp;condition=all,,404
https://www.amazon.com/gp/offer-listing/B00XKYM3WQ/ref=dp_olp_new_mbc?ie=UTF8&amp;condition=all,,404
https://www.amazon.com/gp/offer-listing/B07CJWMX3C/ref=dp_olp_new_mbc?ie=UTF8&amp;condition=all,,404
https://www.amazon.com/gp/offer-listing/B08LQRKGPP/ref=dp_olp_new_mbc?ie=UTF8&amp;condition=all,,404
https://www.amazon.com/gp/offer-listing/B071S6GZ1K/ref=dp_olp_new_mbc?ie=UTF8&amp;condition=all,,404
https://www.amazon.com/gp/offer-listing/B01N6YAVNM/ref=dp_olp_new_mbc?ie=UTF8&amp;condition=all,,404
https://www.amazon.com/gp/offer-listing/B083SG6BDQ/ref=dp_olp_new_mbc?ie=UTF8&amp;condition=all,,404
https://www.amazon.com/gp/offer-listing/B08RBHL3HW/ref=dp_olp_new_mbc?ie=UTF8&amp;condition=all,,404
https://www.amazon.com/gp/offer-listing/B082PN4WNT/ref=dp_olp_new_mbc?ie=UTF8&amp;condition=all,,404
https://www.amazon.com/gp/offer-listing/B07Q7YR68X/ref=dp_olp_new_mbc?ie=UTF8&amp;condition=all,,404
https://www.amazon.com/gp/offer-listing/B0719SF8JT/ref=dp_olp_new_mbc?ie=UTF8&amp;condition=all,,404
https://www.amazon.com/gp/offer-listing/B07MF93X2Q/ref=dp_olp_new_mbc?ie=UTF8&amp;condition=all,,404
https://www.amazon.com/gp/offer-listing/B095KCDVGV/ref=dp_olp_new_mbc?ie=UTF8&amp;condition=all,,404
https://www.amazon.com/gp/offer-listing/B08KVSQ9FL/ref=dp_olp_new_mbc?ie=UTF8&amp;condition=all,,404
https://www.amazon.com/gp/offer-listing/B08JPHW2MZ/ref=dp_olp_new_mbc?ie=UTF8&amp;condition=all,,404
https://www.amazon.com/gp/offer-listing/B08F2NKCTZ/ref=dp_olp_new_mbc?ie=UTF8&amp;condition=all,,404
https://www.amazon.com/gp/offer-listing/B000HTILV4/ref=dp_olp_new_mbc?ie=UTF8&amp;condition=all,,404
https://www.amazon.com/gp/offer-listing/B071WLRPXT/ref=dp_olp_new_mbc?ie=UTF8&amp;condition=all,,404
https://www.amazon.com/gp/offer-listing/B079VSQWRP/ref=dp_olp_new_mbc?ie=UTF8&amp;condition=all,,404
https://www.amazon.com/gp/offer-listing/B0848Q5PWZ/ref=dp_olp_new_mbc?ie=UTF8&amp;condition=all,,404
https://www.amazon.com/gp/offer-listing/B01I21GQH4/ref=dp_olp_new_mbc?ie=UTF8&amp;condition=all,,404
https://www.amazon.com/gp/offer-listing/B07VPFWNNZ/ref=dp_olp_new_mbc?ie=UTF8&amp;condition=all,,404
https://www.amazon.com/gp/offer-listing/B08B3GH4K4/ref=dp_olp_new_mbc?ie=UTF8&amp;condition=all,,404
https://www.amazon.com/gp/offer-listing/B08K4NCYYJ/ref=dp_olp_new_mbc?ie=UTF8&amp;condition=all,,404
https://www.amazon.com/gp/offer-listing/B07KL1WLG6/ref=dp_olp_new_mbc?ie=UTF8&amp;condition=all,,404
https://www.amazon.com/gp/offer-listing/B07FNK1DM5/ref=dp_olp_new_mbc?ie=UTF8&amp;condition=all,,404
https://www.amazon.com/gp/offer-listing/B07RRGWMYJ/ref=dp_olp_new_mbc?ie=UTF8&amp;condition=all,,404
https://www.amazon.com/gp/offer-listing/B01FSCQ1IY/ref=dp_olp_new_mbc?ie=UTF8&amp;condition=all,,404
https://www.amazon.com/gp/offer-listing/B083K3W6VD/ref=dp_olp_new_mbc?ie=UTF8&amp;condition=all,,404
https://www.amazon.com/gp/offer-listing/B016YKKS1U/ref=dp_olp_new_mbc?ie=UTF8&amp;condition=all,,404
https://www.amazon.com/gp/offer-listing/B00TS733CS/ref=dp_olp_new_mbc?ie=UTF8&amp;condition=all,,404
https://www.amazon.com/gp/offer-listing/B071R1XTGS/ref=dp_olp_new_mbc?ie=UTF8&amp;condition=all,,404
https://www.amazon.com/gp/offer-listing/B07PWNL9X2/ref=dp_olp_new_mbc?ie=UTF8&amp;condition=all,,404
https://www.amazon.com/gp/offer-listing/B016YKIBHS/ref=dp_olp_new_mbc?ie=UTF8&amp;condition=all,,404
https://www.amazon.com/gp/offer-listing/B07YXL5HQ4/ref=dp_olp_new_mbc?ie=UTF8&amp;condition=all,,404
https://www.amazon.com/gp/offer-listing/B07HHVCYVJ/ref=dp_olp_new_mbc?ie=UTF8&amp;condition=all,,404
https://www.amazon.com/gp/offer-listing/B07JCJMPVN/ref=dp_olp_new_mbc?ie=UTF8&amp;condition=all,,404
https://www.amazon.com/gp/offer-listing/B06XYYS12C/ref=dp_olp_new_mbc?ie=UTF8&amp;condition=all,,404
https://www.amazon.com/gp/offer-listing/B076831CCJ/ref=dp_olp_new_mbc?ie=UTF8&amp;condition=all,,404
https://www.amazon.com/gp/offer-listing/B0897VN3F2/ref=dp_olp_new_mbc?ie=UTF8&amp;condition=all,,404
https://www.amazon.com/gp/offer-listing/B083Q4V52T/ref=dp_olp_new_mbc?ie=UTF8&amp;condition=all,,404
https://www.amazon.com/gp/offer-listing/B0834WSVKK/ref=dp_olp_new_mbc?ie=UTF8&amp;condition=all,,404
https://www.amazon.com/gp/offer-listing/B071JDWV4R/ref=dp_olp_new_mbc?ie=UTF8&amp;condition=all,,404
https://www.amazon.com/gp/offer-listing/B08S34FZKM/ref=dp_olp_new_mbc?ie=UTF8&amp;condition=all,,404
https://www.amazon.com/gp/offer-listing/B07DY9HLZ8/ref=dp_olp_new_mbc?ie=UTF8&amp;condition=all,,404
https://www.amazon.com/gp/offer-listing/B00KRYLG7U/ref=dp_olp_new_mbc?ie=UTF8&amp;condition=all,,404
https://www.amazon.com/gp/offer-listing/B085H738HS/ref=dp_olp_new_mbc?ie=UTF8&amp;condition=all,,404
https://www.amazon.com/gp/offer-listing/B086KXKXKW/ref=dp_olp_new_mbc?ie=UTF8&amp;condition=all,,404
https://www.amazon.com/gp/offer-listing/B07Q8QXSL8/ref=dp_olp_new_mbc?ie=UTF8&amp;condition=all,,404
https://www.amazon.com/gp/offer-listing/B082X4F15R/ref=dp_olp_new_mbc?ie=UTF8&amp;condition=all,,404
https://www.amazon.com/gp/offer-listing/B01IR5KOGE/ref=dp_olp_new_mbc?ie=UTF8&amp;condition=all,,404
https://www.amazon.com/gp/offer-listing/B0848Q2226/ref=dp_olp_new_mbc?ie=UTF8&amp;condition=all,,404
https://www.amazon.com/gp/offer-listing/B0872DGGBX/ref=dp_olp_new_mbc?ie=UTF8&amp;condition=all,,404
https://www.amazon.com/gp/offer-listing/B083FX3XQ5/ref=dp_olp_new_mbc?ie=UTF8&amp;condition=all,,404
https://www.amazon.com/gp/offer-listing/B01E6D2NA6/ref=dp_olp_new_mbc?ie=UTF8&amp;condition=all,,404
https://www.amazon.com/gp/offer-listing/B077ZL67P2/ref=dp_olp_new_mbc?ie=UTF8&amp;condition=all,,404
https://www.amazon.com/gp/offer-listing/B07FF4VHV9/ref=dp_olp_new_mbc?ie=UTF8&amp;condition=all,,404
https://www.amazon.com/gp/offer-listing/B0101BQV2I/ref=dp_olp_new_mbc?ie=UTF8&amp;condition=all,,404
https://www.amazon.com/gp/offer-listing/B07SV3K1H5/ref=dp_olp_new_mbc?ie=UTF8&amp;condition=all,,404
https://www.amazon.com/gp/offer-listing/B08XW4QX52/ref=dp_olp_new_mbc?ie=UTF8&amp;condition=all,,404
https://www.amazon.com/gp/offer-listing/B0151E6OUO/ref=dp_olp_new_mbc?ie=UTF8&amp;condition=all,,404
https://www.amazon.com/gp/offer-listing/B0885Y3J97/ref=dp_olp_new_mbc?ie=UTF8&amp;condition=all,,404
https://www.amazon.com/gp/offer-listing/B00AKSCZ2S/ref=dp_olp_new_mbc?ie=UTF8&amp;condition=all,,404
https://www.amazon.com/gp/offer-listing/B07TT11TXZ/ref=dp_olp_new_mbc?ie=UTF8&amp;condition=all,,404
https://www.amazon.com/gp/offer-listing/B08CNG9Y52/ref=dp_olp_new_mbc?ie=UTF8&amp;condition=all,,404
https://www.amazon.com/gp/offer-listing/B07DC2GRJ7/ref=dp_olp_new_mbc?ie=UTF8&amp;condition=all,,404
https://www.amazon.com/gp/offer-listing/B08D98BDT5/ref=dp_olp_new_mbc?ie=UTF8&amp;condition=all,,404
https://www.amazon.com/gp/offer-listing/B07RQSTQR9/ref=dp_olp_new_mbc?ie=UTF8&amp;condition=all,,404
https://www.amazon.com/gp/offer-listing/B0878FM5F7/ref=dp_olp_new_mbc?ie=UTF8&amp;condition=all,,404
https://www.amazon.com/gp/offer-listing/B073WLZFHP/ref=dp_olp_new_mbc?ie=UTF8&amp;condition=all,,404
https://www.amazon.com/gp/offer-listing/B07L4CTP75/ref=dp_olp_new_mbc?ie=UTF8&amp;condition=all,,404
https://www.amazon.com/gp/offer-listing/B00PI5FFJS/ref=dp_olp_new_mbc?ie=UTF8&amp;condition=all,,404
https://www.amazon.com/gp/offer-listing/B07T5DTPHL/ref=dp_olp_new_mbc?ie=UTF8&amp;condition=all,,404
https://www.amazon.com/gp/offer-listing/B07XL82ZCP/ref=dp_olp_new_mbc?ie=UTF8&amp;condition=all,,404
https://www.amazon.com/gp/offer-listing/B08L8Y43C4/ref=dp_olp_new_mbc?ie=UTF8&amp;condition=all,,404
https://www.amazon.com/gp/offer-listing/B07ZD22HKW/ref=dp_olp_new_mbc?ie=UTF8&amp;condition=all,,404
https://www.amazon.com/gp/offer-listing/B085NRF1FR/ref=dp_olp_new_mbc?ie=UTF8&amp;condition=all,,404
https://www.amazon.com/gp/offer-listing/B086QN7BBQ/ref=dp_olp_new_mbc?ie=UTF8&amp;condition=all,,404
https://www.amazon.com/gp/offer-listing/B06XWNQGD4/ref=dp_olp_new_mbc?ie=UTF8&amp;condition=all,,404
https://www.amazon.com/gp/offer-listing/B082R61V9K/ref=dp_olp_new_mbc?ie=UTF8&amp;condition=all,,404
https://www.amazon.com/gp/offer-listing/B089NLB7BH/ref=dp_olp_new_mbc?ie=UTF8&amp;condition=all,,404
https://www.amazon.com/gp/offer-listing/B08B186P6J/ref=dp_olp_new_mbc?ie=UTF8&amp;condition=all,,404
https://www.amazon.com/gp/offer-listing/B00GFIV5YQ/ref=dp_olp_new_mbc?ie=UTF8&amp;condition=all,,404
https://www.amazon.com/gp/offer-listing/B07R29C46G/ref=dp_olp_new_mbc?ie=UTF8&amp;condition=all,,404
https://www.amazon.com/gp/offer-listing/B07FN2DPK9/ref=dp_olp_new_mbc?ie=UTF8&amp;condition=all,,404
https://www.amazon.com/gp/offer-listing/B0831FLG95/ref=dp_olp_new_mbc?ie=UTF8&amp;condition=all,,404
https://www.amazon.com/gp/offer-listing/B07DWYJMGQ/ref=dp_olp_new_mbc?ie=UTF8&amp;condition=all,,404
https://www.amazon.com/gp/offer-listing/B07FT8XLFS/ref=dp_olp_new_mbc?ie=UTF8&amp;condition=all,,404
https://www.amazon.com/gp/offer-listing/B07WNS1ZRY/ref=dp_olp_new_mbc?ie=UTF8&amp;condition=all,,404
https://www.amazon.com/gp/offer-listing/B00IX1I3G6/ref=dp_olp_new_mbc?ie=UTF8&amp;condition=all,,404
https://www.amazon.com/gp/offer-listing/B07TMNGSN4/ref=dp_olp_new_mbc?ie=UTF8&amp;condition=all,,404
https://www.amazon.com/gp/offer-listing/B004LLIKVU/ref=dp_olp_new_mbc?ie=UTF8&amp;condition=all,,404
https://www.amazon.com/gp/offer-listing/B07PCMWTSG/ref=dp_olp_new_mbc?ie=UTF8&amp;condition=all,,404
https://www.amazon.com/gp/offer-listing/B08F3C99KN/ref=dp_olp_new_mbc?ie=UTF8&amp;condition=all,,404
https://www.amazon.com/gp/offer-listing/B06WVJBLBQ/ref=dp_olp_new_mbc?ie=UTF8&amp;condition=all,,404
https://www.amazon.com/gp/offer-listing/B07WYVVM9G/ref=dp_olp_new_mbc?ie=UTF8&amp;condition=all,,404
https://www.amazon.com/gp/offer-listing/B07TMNH4N1/ref=dp_olp_new_mbc?ie=UTF8&amp;condition=all,,404
https://www.amazon.com/gp/offer-listing/B01FIS88SY/ref=dp_olp_new_mbc?ie=UTF8&amp;condition=all,,404
https://www.amazon.com/gp/offer-listing/B086FNYH28/ref=dp_olp_new_mbc?ie=UTF8&amp;condition=all,,404
https://www.amazon.com/gp/offer-listing/B06ZY43PDR/ref=dp_olp_new_mbc?ie=UTF8&amp;condition=all,,404
https://www.amazon.com/gp/offer-listing/B074T91QTZ/ref=dp_olp_new_mbc?ie=UTF8&amp;condition=all,,404
https://www.amazon.com/gp/offer-listing/B01K8RMDO0/ref=dp_olp_new_mbc?ie=UTF8&amp;condition=all,,404
https://www.amazon.com/gp/offer-listing/B072F9T6VX/ref=dp_olp_new_mbc?ie=UTF8&amp;condition=all,,404
https://www.amazon.com/gp/offer-listing/B08ZKYS7XT/ref=dp_olp_new_mbc?ie=UTF8&amp;condition=all,,404
https://www.amazon.com/gp/offer-listing/B07MB4HN9X/ref=dp_olp_new_mbc?ie=UTF8&amp;condition=all,,404
https://www.amazon.com/gp/offer-listing/B094Q7RNLV/ref=dp_olp_new_mbc?ie=UTF8&amp;condition=all,,404
https://www.amazon.com/gp/offer-listing/B01N9GY4GF/ref=dp_olp_new_mbc?ie=UTF8&amp;condition=all,,404
https://www.amazon.com/gp/offer-listing/B01C9MW8Z6/ref=dp_olp_new_mbc?ie=UTF8&amp;condition=all,,404
https://www.amazon.com/gp/offer-listing/B07J4JGMD9/ref=dp_olp_new_mbc?ie=UTF8&amp;condition=all,,404
https://www.amazon.com/gp/offer-listing/B01N5TMK8I/ref=dp_olp_new_mbc?ie=UTF8&amp;condition=all,,404
https://www.amazon.com/gp/offer-listing/B07MP6B4Y5/ref=dp_olp_new_mbc?ie=UTF8&amp;condition=all,,404
https://www.amazon.com/gp/offer-listing/B07TLL1H7F/ref=dp_olp_new_mbc?ie=UTF8&amp;condition=all,,404
https://www.amazon.com/gp/offer-listing/B07WYVVY2Z/ref=dp_olp_new_mbc?ie=UTF8&amp;condition=all,,404
https://www.amazon.com/gp/offer-listing/B00BWDH368/ref=dp_olp_new_mbc?ie=UTF8&amp;condition=all,,404
https://www.amazon.com/gp/offer-listing/B07P76HM3B/ref=dp_olp_new_mbc?ie=UTF8&amp;condition=all,,404
https://www.amazon.com/gp/offer-listing/B077T9WSSN/ref=dp_olp_new_mbc?ie=UTF8&amp;condition=all,,404
https://www.amazon.com/gp/offer-listing/B07GH7JZ91/ref=dp_olp_new_mbc?ie=UTF8&amp;condition=all,,404
https://www.amazon.com/gp/offer-listing/B08F3BV69X/ref=dp_olp_new_mbc?ie=UTF8&amp;condition=all,,404
https://www.amazon.com/gp/offer-listing/B08F6WL18F/ref=dp_olp_new_mbc?ie=UTF8&amp;condition=all,,404
https://www.amazon.com/gp/offer-listing/B0866RXCBJ/ref=dp_olp_new_mbc?ie=UTF8&amp;condition=all,,404
https://www.amazon.com/gp/offer-listing/B07HJD9FVV/ref=dp_olp_new_mbc?ie=UTF8&amp;condition=all,,404
https://www.amazon.com/gp/offer-listing/B07Y93TM8M/ref=dp_olp_new_mbc?ie=UTF8&amp;condition=all,,404
https://www.amazon.com/gp/offer-listing/B094Q23VHC/ref=dp_olp_new_mbc?ie=UTF8&amp;condition=all,,404
https://www.amazon.com/gp/offer-listing/B01IE42ST4/ref=dp_olp_new_mbc?ie=UTF8&amp;condition=all,,404
https://www.amazon.com/gp/offer-listing/B07C68264W/ref=dp_olp_new_mbc?ie=UTF8&amp;condition=all,,404
https://www.amazon.com/gp/offer-listing/B071Z6YP6N/ref=dp_olp_new_mbc?ie=UTF8&amp;condition=all,,404
https://www.amazon.com/gp/offer-listing/B08ZKWS7CK/ref=dp_olp_new_mbc?ie=UTF8&amp;condition=all,,404
https://www.amazon.com/gp/offer-listing/B07DDC8FJM/ref=dp_olp_new_mbc?ie=UTF8&amp;condition=all,,404
https://www.amazon.com/gp/offer-listing/B06WVJBVT4/ref=dp_olp_new_mbc?ie=UTF8&amp;condition=all,,404
https://www.amazon.com/gp/offer-listing/B07X1HK6GC/ref=dp_olp_new_mbc?ie=UTF8&amp;condition=all,,404
https://www.amazon.com/gp/offer-listing/B08CYVQ9BK/ref=dp_olp_new_mbc?ie=UTF8&amp;condition=all,,404
https://www.amazon.com/gp/offer-listing/B00BWDH3VS/ref=dp_olp_new_mbc?ie=UTF8&amp;condition=all,,404
https://www.amazon.com/gp/offer-listing/B07ZDX292M/ref=dp_olp_new_mbc?ie=UTF8&amp;condition=all,,404
https://www.amazon.com/gp/offer-listing/B0145WHDQ2/ref=dp_olp_new_mbc?ie=UTF8&amp;condition=all,,404
https://www.amazon.com/gp/offer-listing/B079YMX2J6/ref=dp_olp_new_mbc?ie=UTF8&amp;condition=all,,404
https://www.amazon.com/gp/offer-listing/B01K8RL9C2/ref=dp_olp_new_mbc?ie=UTF8&amp;condition=all,,404
https://www.amazon.com/gp/offer-listing/B01MQSSHFD/ref=dp_olp_new_mbc?ie=UTF8&amp;condition=all,,404
https://www.amazon.com/gp/offer-listing/B07WYVVSKB/ref=dp_olp_new_mbc?ie=UTF8&amp;condition=all,,404
https://www.amazon.com/gp/offer-listing/B07HJHK8Y5/ref=dp_olp_new_mbc?ie=UTF8&amp;condition=all,,404
https://www.amazon.com/gp/offer-listing/B07C5VV4PD/ref=dp_olp_new_mbc?ie=UTF8&amp;condition=all,,404
https://www.amazon.com/gp/offer-listing/B086FJV9H7/ref=dp_olp_new_mbc?ie=UTF8&amp;condition=all,,404
https://www.amazon.com/gp/offer-listing/B079YNCBX2/ref=dp_olp_new_mbc?ie=UTF8&amp;condition=all,,404
https://www.amazon.com/gp/offer-listing/B06XWXTWXT/ref=dp_olp_new_mbc?ie=UTF8&amp;condition=all,,404
https://www.amazon.com/gp/offer-listing/B07MRNVRRX/ref=dp_olp_new_mbc?ie=UTF8&amp;condition=all,,404
https://www.amazon.com/gp/offer-listing/B06XHFWJYM/ref=dp_olp_new_mbc?ie=UTF8&amp;condition=all,,404
https://www.amazon.com/gp/offer-listing/B078J21W75/ref=dp_olp_new_mbc?ie=UTF8&amp;condition=all,,404
https://www.amazon.com/gp/offer-listing/B07TKKBG5S/ref=dp_olp_new_mbc?ie=UTF8&amp;condition=all,,404
https://www.amazon.com/gp/offer-listing/B00BXLVFAO/ref=dp_olp_new_mbc?ie=UTF8&amp;condition=all,,404
https://www.amazon.com/gp/offer-listing/B086FN63NM/ref=dp_olp_new_mbc?ie=UTF8&amp;condition=all,,404
https://www.amazon.com/gp/offer-listing/B08PQ64VFJ/ref=dp_olp_new_mbc?ie=UTF8&amp;condition=all,,404
https://www.amazon.com/gp/offer-listing/B01FIS7AU6/ref=dp_olp_new_mbc?ie=UTF8&amp;condition=all,,404
https://www.amazon.com/gp/offer-listing/B07CLMP15H/ref=dp_olp_new_mbc?ie=UTF8&amp;condition=all,,404
https://www.amazon.com/gp/offer-listing/B08GLWV2BM/ref=dp_olp_new_mbc?ie=UTF8&amp;condition=all,,404
https://www.amazon.com/gp/offer-listing/B07RTN4C77/ref=dp_olp_new_mbc?ie=UTF8&amp;condition=all,,404
https://www.amazon.com/gp/offer-listing/B01N4AO7PO/ref=dp_olp_new_mbc?ie=UTF8&amp;condition=all,,404
https://www.amazon.com/gp/offer-listing/B07Y93PHLP/ref=dp_olp_new_mbc?ie=UTF8&amp;condition=all,,404
https://www.amazon.com/gp/offer-listing/B07C6C1SN3/ref=dp_olp_new_mbc?ie=UTF8&amp;condition=all,,404
https://www.amazon.com/gp/offer-listing/B0078EPRVS/ref=dp_olp_new_mbc?ie=UTF8&amp;condition=all,,404
https://www.amazon.com/gp/offer-listing/B0763VZ9Z7/ref=dp_olp_new_mbc?ie=UTF8&amp;condition=all,,404
https://www.amazon.com/gp/offer-listing/B094QLGN13/ref=dp_olp_new_mbc?ie=UTF8&amp;condition=all,,404
https://www.amazon.com/gp/offer-listing/B07ZSB9QYL/ref=dp_olp_new_mbc?ie=UTF8&amp;condition=all,,404
https://www.amazon.com/gp/offer-listing/B07X3LSNMQ/ref=dp_olp_new_mbc?ie=UTF8&amp;condition=all,,404
https://www.amazon.com/gp/offer-listing/B01M1NWI42/ref=dp_olp_new_mbc?ie=UTF8&amp;condition=all,,404
https://www.amazon.com/gp/offer-listing/B07TMN8CQ6/ref=dp_olp_new_mbc?ie=UTF8&amp;condition=all,,404
https://www.amazon.com/gp/offer-listing/B07TNQSH4J/ref=dp_olp_new_mbc?ie=UTF8&amp;condition=all,,404
https://www.amazon.com/gp/offer-listing/B01H5PPQYM/ref=dp_olp_new_mbc?ie=UTF8&amp;condition=all,,404
https://www.amazon.com/gp/offer-listing/B08DXXS6Q7/ref=dp_olp_new_mbc?ie=UTF8&amp;condition=all,,404
https://www.amazon.com/gp/offer-listing/B06W5SBSL7/ref=dp_olp_new_mbc?ie=UTF8&amp;condition=all,,404
https://www.amazon.com/gp/offer-listing/B07MDR5TG9/ref=dp_olp_new_mbc?ie=UTF8&amp;condition=all,,404
https://www.amazon.com/gp/offer-listing/B07J54KYP1/ref=dp_olp_new_mbc?ie=UTF8&amp;condition=all,,404
https://www.amazon.com/gp/offer-listing/B01C9MW6MQ/ref=dp_olp_new_mbc?ie=UTF8&amp;condition=all,,404
https://www.amazon.com/gp/offer-listing/B08MW92TWD/ref=dp_olp_new_mbc?ie=UTF8&amp;condition=all,,404
https://www.amazon.com/gp/offer-listing/B01MSBQB1P/ref=dp_olp_new_mbc?ie=UTF8&amp;condition=all,,404
https://www.amazon.com/gp/offer-listing/B07Y92XFRD/ref=dp_olp_new_mbc?ie=UTF8&amp;condition=all,,404
https://www.amazon.com/gp/offer-listing/B01JQSONCC/ref=dp_olp_new_mbc?ie=UTF8&amp;condition=all,,404
https://www.amazon.com/gp/offer-listing/B00AR51Y5I/ref=dp_olp_new_mbc?ie=UTF8&amp;condition=all,,404
https://www.amazon.com/gp/offer-listing/B07CG4DYNH/ref=dp_olp_new_mbc?ie=UTF8&amp;condition=all,,404
https://www.amazon.com/gp/offer-listing/B07WPQTXYQ/ref=dp_olp_new_mbc?ie=UTF8&amp;condition=all,,404
https://www.amazon.com/gp/offer-listing/B07736Q4GC/ref=dp_olp_new_mbc?ie=UTF8&amp;condition=all,,404
https://www.amazon.com/gp/offer-listing/B07RNNFLNT/ref=dp_olp_new_mbc?ie=UTF8&amp;condition=all,,404
https://www.amazon.com/gp/offer-listing/B07GFQ5B44/ref=dp_olp_new_mbc?ie=UTF8&amp;condition=all,,404
https://www.amazon.com/gp/offer-listing/B016PARZEC/ref=dp_olp_new_mbc?ie=UTF8&amp;condition=all,,404
https://www.amazon.com/gp/offer-listing/B07D3P511R/ref=dp_olp_new_mbc?ie=UTF8&amp;condition=all,,404
https://www.amazon.com/gp/offer-listing/B06X6HSVDY/ref=dp_olp_new_mbc?ie=UTF8&amp;condition=all,,404
https://www.amazon.com/gp/offer-listing/B06ZYZ1TKK/ref=dp_olp_new_mbc?ie=UTF8&amp;condition=all,,404
https://www.amazon.com/gp/offer-listing/B07YQL38L7/ref=dp_olp_new_mbc?ie=UTF8&amp;condition=all,,404
https://www.amazon.com/gp/offer-listing/B07MDQHZ7W/ref=dp_olp_new_mbc?ie=UTF8&amp;condition=all,,404
https://www.amazon.com/gp/offer-listing/B06ZY44YG4/ref=dp_olp_new_mbc?ie=UTF8&amp;condition=all,,404
https://www.amazon.com/gp/offer-listing/B01LX3U0H6/ref=dp_olp_new_mbc?ie=UTF8&amp;condition=all,,404
https://www.amazon.com/gp/offer-listing/0375813659/ref=dp_olp_new_mbc?ie=UTF8&amp;condition=all,,404
https://www.amazon.com/gp/offer-listing/1501171348/ref=dp_olp_new_mbc?ie=UTF8&amp;condition=all,,404
https://www.amazon.com/gp/offer-listing/0143127748/ref=dp_olp_new_mbc?ie=UTF8&amp;condition=all,,404
https://www.amazon.com/gp/offer-listing/1524798657/ref=dp_olp_new_mbc?ie=UTF8&amp;condition=all,,404
https://www.amazon.com/gp/offer-listing/0525559477/ref=dp_olp_new_mbc?ie=UTF8&amp;condition=all,,404
https://www.amazon.com/gp/offer-listing/0735211299/ref=dp_olp_new_mbc?ie=UTF8&amp;condition=all,,404
https://www.amazon.com/gp/offer-listing/1878424319/ref=dp_olp_new_mbc?ie=UTF8&amp;condition=all,,404
https://www.amazon.com/gp/offer-listing/1501110365/ref=dp_olp_new_mbc?ie=UTF8&amp;condition=all,,404
https://www.amazon.com/gp/offer-listing/1501161938/ref=dp_olp_new_mbc?ie=UTF8&amp;condition=all,,404
https://www.amazon.com/gp/offer-listing/0399226907/ref=dp_olp_new_mbc?ie=UTF8&amp;condition=all,,404
https://www.amazon.com/gp/offer-listing/0374300216/ref=dp_olp_new_mbc?ie=UTF8&amp;condition=all,,404
https://www.amazon.com/gp/offer-listing/0140280197/ref=dp_olp_new_mbc?ie=UTF8&amp;condition=all,,404
https://www.amazon.com/gp/offer-listing/1641526270/ref=dp_olp_new_mbc?ie=UTF8&amp;condition=all,,404
https://www.amazon.com/gp/offer-listing/0735219109/ref=dp_olp_new_mbc?ie=UTF8&amp;condition=all,,404
https://www.amazon.com/gp/offer-listing/1400217075/ref=dp_olp_new_mbc?ie=UTF8&amp;condition=all,,404
https://www.amazon.com/gp/offer-listing/1984806750/ref=dp_olp_new_mbc?ie=UTF8&amp;condition=all,,404
https://www.amazon.com/gp/offer-listing/1612680178/ref=dp_olp_new_mbc?ie=UTF8&amp;condition=all,,404
https://www.amazon.com/gp/offer-listing/1589255518/ref=dp_olp_new_mbc?ie=UTF8&amp;condition=all,,404
https://www.amazon.com/gp/offer-listing/0316540714/ref=dp_olp_new_mbc?ie=UTF8&amp;condition=all,,404
https://www.amazon.com/gp/offer-listing/0062060627/ref=dp_olp_new_mbc?ie=UTF8&amp;condition=all,,404
https://www.amazon.com/gp/offer-listing/0062315005/ref=dp_olp_new_mbc?ie=UTF8&amp;condition=all,,404
https://www.amazon.com/gp/offer-listing/1250178606/ref=dp_olp_new_mbc?ie=UTF8&amp;condition=all,,404
https://www.amazon.com/gp/offer-listing/0528023780/ref=dp_olp_new_mbc?ie=UTF8&amp;condition=all,,404
https://www.amazon.com/gp/offer-listing/0761189602/ref=dp_olp_new_mbc?ie=UTF8&amp;condition=all,,404
https://www.amazon.com/gp/offer-listing/1601429649/ref=dp_olp_new_mbc?ie=UTF8&amp;condition=all,,404
https://www.amazon.com/gp/offer-listing/1984806734/ref=dp_olp_new_mbc?ie=UTF8&amp;condition=all,,404
https://www.amazon.com/gp/offer-listing/0593135202/ref=dp_olp_new_mbc?ie=UTF8&amp;condition=all,,404
https://www.amazon.com/gp/offer-listing/0062976583/ref=dp_olp_new_mbc?ie=UTF8&amp;condition=all,,404
https://www.amazon.com/gp/offer-listing/B094TCDJWC/ref=dp_olp_new_mbc?ie=UTF8&amp;condition=all,,404
https://www.amazon.com/gp/offer-listing/1984801252/ref=dp_olp_new_mbc?ie=UTF8&amp;condition=all,,404
https://www.amazon.com/gp/offer-listing/080241270X/ref=dp_olp_new_mbc?ie=UTF8&amp;condition=all,,404
https://www.amazon.com/gp/offer-listing/0062457802/ref=dp_olp_new_mbc?ie=UTF8&amp;condition=all,,404
https://www.amazon.com/gp/offer-listing/1501128035/ref=dp_olp_new_mbc?ie=UTF8&amp;condition=all,,404
https://www.amazon.com/gp/offer-listing/1623159911/ref=dp_olp_new_mbc?ie=UTF8&amp;condition=all,,404
https://www.amazon.com/gp/offer-listing/1647397294/ref=dp_olp_new_mbc?ie=UTF8&amp;condition=all,,404
https://www.amazon.com/gp/offer-listing/0316420085/ref=dp_olp_new_mbc?ie=UTF8&amp;condition=all,,404
https://www.amazon.com/gp/offer-listing/1250304458/ref=dp_olp_new_mbc?ie=UTF8&amp;condition=all,,404
https://www.amazon.com/gp/offer-listing/0805047905/ref=dp_olp_new_mbc?ie=UTF8&amp;condition=all,,404
https://www.amazon.com/gp/offer-listing/1791392792/ref=dp_olp_new_mbc?ie=UTF8&amp;condition=all,,404
https://www.amazon.com/gp/offer-listing/0679805273/ref=dp_olp_new_mbc?ie=UTF8&amp;condition=all,,404
https://www.amazon.com/gp/offer-listing/159285849X/ref=dp_olp_new_mbc?ie=UTF8&amp;condition=all,,404
https://www.amazon.com/gp/offer-listing/0399240462/ref=dp_olp_new_mbc?ie=UTF8&amp;condition=all,,404
https://www.amazon.com/gp/offer-listing/1684510821/ref=dp_olp_new_mbc?ie=UTF8&amp;condition=all,,404
https://www.amazon.com/gp/offer-listing/9387779262/ref=dp_olp_new_mbc?ie=UTF8&amp;condition=all,,404
https://www.amazon.com/gp/offer-listing/B095GD5SQM/ref=dp_olp_new_mbc?ie=UTF8&amp;condition=all,,404
https://www.amazon.com/gp/offer-listing/0451524934/ref=dp_olp_new_mbc?ie=UTF8&amp;condition=all,,404
https://www.amazon.com/gp/offer-listing/0593139135/ref=dp_olp_new_mbc?ie=UTF8&amp;condition=all,,404
https://www.amazon.com/gp/offer-listing/1684511801/ref=dp_olp_new_mbc?ie=UTF8&amp;condition=all,,404
https://www.amazon.com/gp/offer-listing/0761187480/ref=dp_olp_new_mbc?ie=UTF8&amp;condition=all,,404
https://www.amazon.com/gp/offer-listing/0593230256/ref=dp_olp_new_mbc?ie=UTF8&amp;condition=all,,404
https://www.amazon.com/gp/offer-listing/0671027034/ref=dp_olp_new_mbc?ie=UTF8&amp;condition=all,,404
https://www.amazon.com/gp/offer-listing/1524798649/ref=dp_olp_new_mbc?ie=UTF8&amp;condition=all,,404
https://www.amazon.com/gp/offer-listing/1338233580/ref=dp_olp_new_mbc?ie=UTF8&amp;condition=all,,404
https://www.amazon.com/gp/offer-listing/1338680455/ref=dp_olp_new_mbc?ie=UTF8&amp;condition=all,,404
https://www.amazon.com/gp/offer-listing/0062457713/ref=dp_olp_new_mbc?ie=UTF8&amp;condition=all,,404
https://www.amazon.com/gp/offer-listing/0807014273/ref=dp_olp_new_mbc?ie=UTF8&amp;condition=all,,404
https://www.amazon.com/gp/offer-listing/0345816021/ref=dp_olp_new_mbc?ie=UTF8&amp;condition=all,,404
https://www.amazon.com/gp/offer-listing/1250080401/ref=dp_olp_new_mbc?ie=UTF8&amp;condition=all,,404
https://www.amazon.com/gp/offer-listing/1982160136/ref=dp_olp_new_mbc?ie=UTF8&amp;condition=all,,404
https://www.amazon.com/gp/offer-listing/1623158281/ref=dp_olp_new_mbc?ie=UTF8&amp;condition=all,,404
https://www.amazon.com/gp/offer-listing/1611806860/ref=dp_olp_new_mbc?ie=UTF8&amp;condition=all,,404
https://www.amazon.com/gp/offer-listing/0593137310/ref=dp_olp_new_mbc?ie=UTF8&amp;condition=all,,404
https://www.amazon.com/gp/offer-listing/1484707230/ref=dp_olp_new_mbc?ie=UTF8&amp;condition=all,,404
https://www.amazon.com/gp/offer-listing/0920668372/ref=dp_olp_new_mbc?ie=UTF8&amp;condition=all,,404
https://www.amazon.com/gp/offer-listing/1623157900/ref=dp_olp_new_mbc?ie=UTF8&amp;condition=all,,404
https://www.amazon.com/gp/offer-listing/125019623X/ref=dp_olp_new_mbc?ie=UTF8&amp;condition=all,,404
https://www.amazon.com/gp/offer-listing/0593193318/ref=dp_olp_new_mbc?ie=UTF8&amp;condition=all,,404
https://www.amazon.com/gp/offer-listing/0358423880/ref=dp_olp_new_mbc?ie=UTF8&amp;condition=all,,404
https://www.amazon.com/gp/offer-listing/1483815846/ref=dp_olp_new_mbc?ie=UTF8&amp;condition=all,,404
https://www.amazon.com/gp/offer-listing/1483815854/ref=dp_olp_new_mbc?ie=UTF8&amp;condition=all,,404
https://www.amazon.com/gp/offer-listing/B00GAC1D2G/ref=dp_olp_new_mbc?ie=UTF8&amp;condition=all,,404
https://www.amazon.com/gp/offer-listing/B00F4CEHNK/ref=dp_olp_new_mbc?ie=UTF8&amp;condition=all,,404
https://www.amazon.com/gp/offer-listing/B01LZNGPY3/ref=dp_olp_new_mbc?ie=UTF8&amp;condition=all,,404
https://www.amazon.com/gp/offer-listing/B07RZ74VLR/ref=dp_olp_new_mbc?ie=UTF8&amp;condition=all,,404
https://www.amazon.com/gp/offer-listing/B08WW82716/ref=dp_olp_new_mbc?ie=UTF8&amp;condition=all,,404
https://www.amazon.com/gp/offer-listing/B07RX6FBFR/ref=dp_olp_new_mbc?ie=UTF8&amp;condition=all,,404
https://www.amazon.com/gp/offer-listing/B017V6YVDC/ref=dp_olp_new_mbc?ie=UTF8&amp;condition=all,,404
https://www.amazon.com/gp/offer-listing/B00F4CEWOY/ref=dp_olp_new_mbc?ie=UTF8&amp;condition=all,,404
https://www.amazon.com/gp/offer-listing/B094WL86N5/ref=dp_olp_new_mbc?ie=UTF8&amp;condition=all,,404
https://www.amazon.com/gp/offer-listing/B07TGNFVWV/ref=dp_olp_new_mbc?ie=UTF8&amp;condition=all,,404
https://www.amazon.com/gp/offer-listing/B07GBZ4Q68/ref=dp_olp_new_mbc?ie=UTF8&amp;condition=all,,404
https://www.amazon.com/gp/offer-listing/B01H6GUCCQ/ref=dp_olp_new_mbc?ie=UTF8&amp;condition=all,,404
https://www.amazon.com/gp/offer-listing/B07GRM747Y/ref=dp_olp_new_mbc?ie=UTF8&amp;condition=all,,404
https://www.amazon.com/gp/offer-listing/B06Y42G518/ref=dp_olp_new_mbc?ie=UTF8&amp;condition=all,,404
https://www.amazon.com/gp/offer-listing/B08F7PTF53/ref=dp_olp_new_mbc?ie=UTF8&amp;condition=all,,404
https://www.amazon.com/gp/offer-listing/B08DF248LD/ref=dp_olp_new_mbc?ie=UTF8&amp;condition=all,,404
https://www.amazon.com/gp/offer-listing/B08G9J44ZN/ref=dp_olp_new_mbc?ie=UTF8&amp;condition=all,,404
https://www.amazon.com/gp/offer-listing/B07RZ75JW3/ref=dp_olp_new_mbc?ie=UTF8&amp;condition=all,,404
https://www.amazon.com/gp/offer-listing/B07RLWTXKG/ref=dp_olp_new_mbc?ie=UTF8&amp;condition=all,,404
https://www.amazon.com/gp/offer-listing/B01NAWKYZ0/ref=dp_olp_new_mbc?ie=UTF8&amp;condition=all,,404
https://www.amazon.com/gp/offer-listing/B01N3ASPNV/ref=dp_olp_new_mbc?ie=UTF8&amp;condition=all,,404
https://www.amazon.com/gp/offer-listing/B08H75RTZ8/ref=dp_olp_new_mbc?ie=UTF8&amp;condition=all,,404
https://www.amazon.com/gp/offer-listing/B08FC5L3RG/ref=dp_olp_new_mbc?ie=UTF8&amp;condition=all,,404
https://www.amazon.com/gp/offer-listing/B08DFB488B/ref=dp_olp_new_mbc?ie=UTF8&amp;condition=all,,404
https://www.amazon.com/gp/offer-listing/B07F15CV12/ref=dp_olp_new_mbc?ie=UTF8&amp;condition=all,,404
https://www.amazon.com/gp/offer-listing/B08F7PTF54/ref=dp_olp_new_mbc?ie=UTF8&amp;condition=all,,404
https://www.amazon.com/gp/offer-listing/B010KYDNDG/ref=dp_olp_new_mbc?ie=UTF8&amp;condition=all,,404
https://www.amazon.com/gp/offer-listing/B08H9M7LDY/ref=dp_olp_new_mbc?ie=UTF8&amp;condition=all,,404
https://www.amazon.com/gp/offer-listing/B094WN6SY2/ref=dp_olp_new_mbc?ie=UTF8&amp;condition=all,,404
https://www.amazon.com/gp/offer-listing/B088GH4X9W/ref=dp_olp_new_mbc?ie=UTF8&amp;condition=all,,404
https://www.amazon.com/gp/offer-listing/B097B1149G/ref=dp_olp_new_mbc?ie=UTF8&amp;condition=all,,404
https://www.amazon.com/gp/offer-listing/B07RMC5BRL/ref=dp_olp_new_mbc?ie=UTF8&amp;condition=all,,404
https://www.amazon.com/gp/offer-listing/B004RMK5QG/ref=dp_olp_new_mbc?ie=UTF8&amp;condition=all,,404
https://www.amazon.com/gp/offer-listing/B088GD5WD4/ref=dp_olp_new_mbc?ie=UTF8&amp;condition=all,,404
https://www.amazon.com/gp/offer-listing/B00NLZUM36/ref=dp_olp_new_mbc?ie=UTF8&amp;condition=all,,404
https://www.amazon.com/gp/offer-listing/B07VGRJDFY/ref=dp_olp_new_mbc?ie=UTF8&amp;condition=all,,404
https://www.amazon.com/gp/offer-listing/B084RPZD6T/ref=dp_olp_new_mbc?ie=UTF8&amp;condition=all,,404
https://www.amazon.com/gp/offer-listing/B08ZNQN1FP/ref=dp_olp_new_mbc?ie=UTF8&amp;condition=all,,404
https://www.amazon.com/gp/offer-listing/B07Y693ND1/ref=dp_olp_new_mbc?ie=UTF8&amp;condition=all,,404
https://www.amazon.com/gp/offer-listing/B01NAUKS62/ref=dp_olp_new_mbc?ie=UTF8&amp;condition=all,,404
https://www.amazon.com/gp/offer-listing/B08FC6C75Y/ref=dp_olp_new_mbc?ie=UTF8&amp;condition=all,,404
https://www.amazon.com/gp/offer-listing/B07X6CWM3G/ref=dp_olp_new_mbc?ie=UTF8&amp;condition=all,,404
https://www.amazon.com/gp/offer-listing/B088CK6GP1/ref=dp_olp_new_mbc?ie=UTF8&amp;condition=all,,404
https://www.amazon.com/gp/offer-listing/B00Z0UWV98/ref=dp_olp_new_mbc?ie=UTF8&amp;condition=all,,404
https://www.amazon.com/gp/offer-listing/B07SFKTLZM/ref=dp_olp_new_mbc?ie=UTF8&amp;condition=all,,404
https://www.amazon.com/gp/offer-listing/B07DVFQ1SV/ref=dp_olp_new_mbc?ie=UTF8&amp;condition=all,,404
https://www.amazon.com/gp/offer-listing/B01MY7GHKJ/ref=dp_olp_new_mbc?ie=UTF8&amp;condition=all,,404
https://www.amazon.com/gp/offer-listing/B07F7T8J9P/ref=dp_olp_new_mbc?ie=UTF8&amp;condition=all,,404
https://www.amazon.com/gp/offer-listing/B07TFP7JFH/ref=dp_olp_new_mbc?ie=UTF8&amp;condition=all,,404
https://www.amazon.com/gp/offer-listing/B07SBX48TY/ref=dp_olp_new_mbc?ie=UTF8&amp;condition=all,,404
https://www.amazon.com/gp/offer-listing/B07SL6ZXBL/ref=dp_olp_new_mbc?ie=UTF8&amp;condition=all,,404
https://www.amazon.com/gp/offer-listing/B071WNWHZ7/ref=dp_olp_new_mbc?ie=UTF8&amp;condition=all,,404
https://www.amazon.com/gp/offer-listing/B07VNTFHD5/ref=dp_olp_new_mbc?ie=UTF8&amp;condition=all,,404
https://www.amazon.com/gp/offer-listing/B004RMK57U/ref=dp_olp_new_mbc?ie=UTF8&amp;condition=all,,404
https://www.amazon.com/gp/offer-listing/B08ZNJBQKQ/ref=dp_olp_new_mbc?ie=UTF8&amp;condition=all,,404
https://www.amazon.com/gp/offer-listing/B08BSKT43L/ref=dp_olp_new_mbc?ie=UTF8&amp;condition=all,,404
https://www.amazon.com/gp/offer-listing/B08BRQKSMB/ref=dp_olp_new_mbc?ie=UTF8&amp;condition=all,,404
https://www.amazon.com/gp/offer-listing/B08M1V413G/ref=dp_olp_new_mbc?ie=UTF8&amp;condition=all,,404
https://www.amazon.com/gp/offer-listing/B07CMS5Q6P/ref=dp_olp_new_mbc?ie=UTF8&amp;condition=all,,404
https://www.amazon.com/gp/offer-listing/B08X8FDHFN/ref=dp_olp_new_mbc?ie=UTF8&amp;condition=all,,404
https://www.amazon.com/gp/offer-listing/B07SR1FMMC/ref=dp_olp_new_mbc?ie=UTF8&amp;condition=all,,404
https://www.amazon.com/gp/offer-listing/B082G5SPR5/ref=dp_olp_new_mbc?ie=UTF8&amp;condition=all,,404
https://www.amazon.com/gp/offer-listing/B01FZ3BR5S/ref=dp_olp_new_mbc?ie=UTF8&amp;condition=all,,404
https://www.amazon.com/gp/offer-listing/B07SK4W1VJ/ref=dp_olp_new_mbc?ie=UTF8&amp;condition=all,,404
https://www.amazon.com/gp/offer-listing/B07DJY81FP/ref=dp_olp_new_mbc?ie=UTF8&amp;condition=all,,404
https://www.amazon.com/gp/offer-listing/B07DK13HKX/ref=dp_olp_new_mbc?ie=UTF8&amp;condition=all,,404
https://www.amazon.com/gp/offer-listing/B07MRMHML9/ref=dp_olp_new_mbc?ie=UTF8&amp;condition=all,,404
https://www.amazon.com/gp/offer-listing/B00YXO5U40/ref=dp_olp_new_mbc?ie=UTF8&amp;condition=all,,404
https://www.amazon.com/gp/offer-listing/B016MAK38U/ref=dp_olp_new_mbc?ie=UTF8&amp;condition=all,,404
https://www.amazon.com/gp/offer-listing/B07XV4NHHN/ref=dp_olp_new_mbc?ie=UTF8&amp;condition=all,,404
https://www.amazon.com/gp/offer-listing/B07GCKQD77/ref=dp_olp_new_mbc?ie=UTF8&amp;condition=all,,404
https://www.amazon.com/gp/offer-listing/B08BXHGPVB/ref=dp_olp_new_mbc?ie=UTF8&amp;condition=all,,404
https://www.amazon.com/gp/offer-listing/B08L9D5P1B/ref=dp_olp_new_mbc?ie=UTF8&amp;condition=all,,404
https://www.amazon.com/gp/offer-listing/B07SG15148/ref=dp_olp_new_mbc?ie=UTF8&amp;condition=all,,404
https://www.amazon.com/gp/offer-listing/B08PBS4M26/ref=dp_olp_new_mbc?ie=UTF8&amp;condition=all,,404
https://www.amazon.com/gp/offer-listing/B07SQZ3GJG/ref=dp_olp_new_mbc?ie=UTF8&amp;condition=all,,404
https://www.amazon.com/gp/offer-listing/B07FZVXS8H/ref=dp_olp_new_mbc?ie=UTF8&amp;condition=all,,404
https://www.amazon.com/gp/offer-listing/B08WJPJ1NC/ref=dp_olp_new_mbc?ie=UTF8&amp;condition=all,,404
https://www.amazon.com/gp/offer-listing/B0795GHTBC/ref=dp_olp_new_mbc?ie=UTF8&amp;condition=all,,404
https://www.amazon.com/gp/offer-listing/B01N1037CV/ref=dp_olp_new_mbc?ie=UTF8&amp;condition=all,,404
https://www.amazon.com/gp/offer-listing/B01ALLT2W4/ref=dp_olp_new_mbc?ie=UTF8&amp;condition=all,,404
https://www.amazon.com/gp/offer-listing/B08FC5TTBF/ref=dp_olp_new_mbc?ie=UTF8&amp;condition=all,,404
https://www.amazon.com/gp/offer-listing/B01BCNZJ54/ref=dp_olp_new_mbc?ie=UTF8&amp;condition=all,,404
https://www.amazon.com/gp/offer-listing/B08CWL8X61/ref=dp_olp_new_mbc?ie=UTF8&amp;condition=all,,404
https://www.amazon.com/gp/offer-listing/B004VSTQ2A/ref=dp_olp_new_mbc?ie=UTF8&amp;condition=all,,404
https://www.amazon.com/gp/offer-listing/B00O15486W/ref=dp_olp_new_mbc?ie=UTF8&amp;condition=all,,404
https://www.amazon.com/gp/offer-listing/B08FQG96RP/ref=dp_olp_new_mbc?ie=UTF8&amp;condition=all,,404
https://www.amazon.com/gp/offer-listing/B07TC8J6HK/ref=dp_olp_new_mbc?ie=UTF8&amp;condition=all,,404
https://www.amazon.com/gp/offer-listing/B089D4BNRY/ref=dp_olp_new_mbc?ie=UTF8&amp;condition=all,,404
https://www.amazon.com/gp/offer-listing/B01CDCG4KM/ref=dp_olp_new_mbc?ie=UTF8&amp;condition=all,,404
https://www.amazon.com/gp/offer-listing/B079XT422B/ref=dp_olp_new_mbc?ie=UTF8&amp;condition=all,,404
https://www.amazon.com/gp/offer-listing/B078GZM4H8/ref=dp_olp_new_mbc?ie=UTF8&amp;condition=all,,404
https://www.amazon.com/gp/offer-listing/B086VSVBBY/ref=dp_olp_new_mbc?ie=UTF8&amp;condition=all,,404
https://www.amazon.com/gp/offer-listing/B07YPBQSCK/ref=dp_olp_new_mbc?ie=UTF8&amp;condition=all,,404
https://www.amazon.com/gp/offer-listing/B07HCZ7LPW/ref=dp_olp_new_mbc?ie=UTF8&amp;condition=all,,404
https://www.amazon.com/gp/offer-listing/B0756BXDTX/ref=dp_olp_new_mbc?ie=UTF8&amp;condition=all,,404
https://www.amazon.com/gp/offer-listing/B07PJ67CKC/ref=dp_olp_new_mbc?ie=UTF8&amp;condition=all,,404
https://www.amazon.com/gp/offer-listing/B07GCKZKX8/ref=dp_olp_new_mbc?ie=UTF8&amp;condition=all,,404
https://www.amazon.com/gp/offer-listing/B07W1HKYQK/ref=dp_olp_new_mbc?ie=UTF8&amp;condition=all,,404
https://www.amazon.com/gp/offer-listing/B08FHS3W9X/ref=dp_olp_new_mbc?ie=UTF8&amp;condition=all,,404
https://www.amazon.com/gp/offer-listing/B01CW4AR9K/ref=dp_olp_new_mbc?ie=UTF8&amp;condition=all,,404
https://www.amazon.com/gp/offer-listing/B017SD8RWO/ref=dp_olp_new_mbc?ie=UTF8&amp;condition=all,,404
https://www.amazon.com/gp/offer-listing/B07Q1GHB5X/ref=dp_olp_new_mbc?ie=UTF8&amp;condition=all,,404
https://www.amazon.com/gp/offer-listing/B07X4BCRHB/ref=dp_olp_new_mbc?ie=UTF8&amp;condition=all,,404
https://www.amazon.com/gp/offer-listing/B07QKXM2D3/ref=dp_olp_new_mbc?ie=UTF8&amp;condition=all,,404
https://www.amazon.com/gp/offer-listing/B00WBJGUA2/ref=dp_olp_new_mbc?ie=UTF8&amp;condition=all,,404
https://www.amazon.com/gp/offer-listing/B07RM61WQ6/ref=dp_olp_new_mbc?ie=UTF8&amp;condition=all,,404
https://www.amazon.com/gp/offer-listing/B07VLXKZ33/ref=dp_olp_new_mbc?ie=UTF8&amp;condition=all,,404
https://www.amazon.com/gp/offer-listing/B0856W45VL/ref=dp_olp_new_mbc?ie=UTF8&amp;condition=all,,404
https://www.amazon.com/gp/offer-listing/B00X5TNSCA/ref=dp_olp_new_mbc?ie=UTF8&amp;condition=all,,404
https://www.amazon.com/gp/offer-listing/B08PV15RGG/ref=dp_olp_new_mbc?ie=UTF8&amp;condition=all,,404
https://www.amazon.com/gp/offer-listing/B08KHCR1YF/ref=dp_olp_new_mbc?ie=UTF8&amp;condition=all,,404
https://www.amazon.com/gp/offer-listing/B08B5T3XL9/ref=dp_olp_new_mbc?ie=UTF8&amp;condition=all,,404
https://www.amazon.com/gp/offer-listing/B07RRDR4PQ/ref=dp_olp_new_mbc?ie=UTF8&amp;condition=all,,404
https://www.amazon.com/gp/offer-listing/B08V5HLHN3/ref=dp_olp_new_mbc?ie=UTF8&amp;condition=all,,404
https://www.amazon.com/gp/offer-listing/B07G2YR23M/ref=dp_olp_new_mbc?ie=UTF8&amp;condition=all,,404
https://www.amazon.com/gp/offer-listing/B08644FKP1/ref=dp_olp_new_mbc?ie=UTF8&amp;condition=all,,404
https://www.amazon.com/gp/offer-listing/B08P4DZYGC/ref=dp_olp_new_mbc?ie=UTF8&amp;condition=all,,404
https://www.amazon.com/gp/offer-listing/B082WW1SWW/ref=dp_olp_new_mbc?ie=UTF8&amp;condition=all,,404
https://www.amazon.com/gp/offer-listing/B07R5YH7YN/ref=dp_olp_new_mbc?ie=UTF8&amp;condition=all,,404
https://www.amazon.com/gp/offer-listing/B089W4PKRW/ref=dp_olp_new_mbc?ie=UTF8&amp;condition=all,,404
https://www.amazon.com/gp/offer-listing/B08DLKPP6Y/ref=dp_olp_new_mbc?ie=UTF8&amp;condition=all,,404
https://www.amazon.com/gp/offer-listing/B08Z78WMGS/ref=dp_olp_new_mbc?ie=UTF8&amp;condition=all,,404
https://www.amazon.com/gp/offer-listing/B01CW49AGG/ref=dp_olp_new_mbc?ie=UTF8&amp;condition=all,,404
https://www.amazon.com/gp/offer-listing/B08J158TVV/ref=dp_olp_new_mbc?ie=UTF8&amp;condition=all,,404
https://www.amazon.com/gp/offer-listing/B07X1YLC2L/ref=dp_olp_new_mbc?ie=UTF8&amp;condition=all,,404
https://www.amazon.com/gp/offer-listing/B08GH9KL4M/ref=dp_olp_new_mbc?ie=UTF8&amp;condition=all,,404
https://www.amazon.com/gp/offer-listing/B08571VZ3Q/ref=dp_olp_new_mbc?ie=UTF8&amp;condition=all,,404
https://www.amazon.com/gp/offer-listing/B083T83YJQ/ref=dp_olp_new_mbc?ie=UTF8&amp;condition=all,,404
https://www.amazon.com/gp/offer-listing/B07KPSLPRW/ref=dp_olp_new_mbc?ie=UTF8&amp;condition=all,,404
https://www.amazon.com/gp/offer-listing/B001TI9Y2M/ref=dp_olp_new_mbc?ie=UTF8&amp;condition=all,,404
https://www.amazon.com/gp/offer-listing/B08CNFLLH5/ref=dp_olp_new_mbc?ie=UTF8&amp;condition=all,,404
https://www.amazon.com/gp/offer-listing/B08CXM6QNM/ref=dp_olp_new_mbc?ie=UTF8&amp;condition=all,,404
https://www.amazon.com/gp/offer-listing/B08JCHVZ11/ref=dp_olp_new_mbc?ie=UTF8&amp;condition=all,,404
https://www.amazon.com/gp/offer-listing/B07FCJNX46/ref=dp_olp_new_mbc?ie=UTF8&amp;condition=all,,404
https://www.amazon.com/gp/offer-listing/B08T7FQ9P1/ref=dp_olp_new_mbc?ie=UTF8&amp;condition=all,,404
https://www.amazon.com/gp/offer-listing/B07YB8HZ8T/ref=dp_olp_new_mbc?ie=UTF8&amp;condition=all,,404
https://www.amazon.com/gp/offer-listing/B08MTCWBR9/ref=dp_olp_new_mbc?ie=UTF8&amp;condition=all,,404
https://www.amazon.com/gp/offer-listing/B07V3M2DX9/ref=dp_olp_new_mbc?ie=UTF8&amp;condition=all,,404
https://www.amazon.com/gp/offer-listing/B01MQVXHUM/ref=dp_olp_new_mbc?ie=UTF8&amp;condition=all,,404
https://www.amazon.com/gp/offer-listing/B078WMVBXD/ref=dp_olp_new_mbc?ie=UTF8&amp;condition=all,,404
https://www.amazon.com/gp/offer-listing/B083HZTN8W/ref=dp_olp_new_mbc?ie=UTF8&amp;condition=all,,404
https://www.amazon.com/gp/offer-listing/B08DXD8LSR/ref=dp_olp_new_mbc?ie=UTF8&amp;condition=all,,404
https://www.amazon.com/gp/offer-listing/B086QXHQ77/ref=dp_olp_new_mbc?ie=UTF8&amp;condition=all,,404
https://www.amazon.com/gp/offer-listing/B07XP1619N/ref=dp_olp_new_mbc?ie=UTF8&amp;condition=all,,404
https://www.amazon.com/gp/offer-listing/B08F4YT84C/ref=dp_olp_new_mbc?ie=UTF8&amp;condition=all,,404
https://www.amazon.com/gp/offer-listing/B01CW4BVU4/ref=dp_olp_new_mbc?ie=UTF8&amp;condition=all,,404
https://www.amazon.com/gp/offer-listing/B07W6PXRR8/ref=dp_olp_new_mbc?ie=UTF8&amp;condition=all,,404
https://www.amazon.com/gp/offer-listing/B08PFCYVP6/ref=dp_olp_new_mbc?ie=UTF8&amp;condition=all,,404
https://www.amazon.com/gp/offer-listing/B07PM2NBGT/ref=dp_olp_new_mbc?ie=UTF8&amp;condition=all,,404
https://www.amazon.com/gp/offer-listing/B092RXFP4F/ref=dp_olp_new_mbc?ie=UTF8&amp;condition=all,,404
https://www.amazon.com/gp/offer-listing/B086V5H1YQ/ref=dp_olp_new_mbc?ie=UTF8&amp;condition=all,,404
https://www.amazon.com/gp/offer-listing/B07GF4JCDY/ref=dp_olp_new_mbc?ie=UTF8&amp;condition=all,,404
https://www.amazon.com/gp/offer-listing/B08SQGYHJ7/ref=dp_olp_new_mbc?ie=UTF8&amp;condition=all,,404
https://www.amazon.com/gp/offer-listing/B01CW4CR4I/ref=dp_olp_new_mbc?ie=UTF8&amp;condition=all,,404
https://www.amazon.com/gp/offer-listing/B08FMM86JN/ref=dp_olp_new_mbc?ie=UTF8&amp;condition=all,,404
https://www.amazon.com/gp/offer-listing/B08JB4LZ19/ref=dp_olp_new_mbc?ie=UTF8&amp;condition=all,,404
https://www.amazon.com/gp/offer-listing/B08V4NP5LT/ref=dp_olp_new_mbc?ie=UTF8&amp;condition=all,,404
https://www.amazon.com/gp/offer-listing/B07X81M2D2/ref=dp_olp_new_mbc?ie=UTF8&amp;condition=all,,404
https://www.amazon.com/gp/offer-listing/B08R8BGDM5/ref=dp_olp_new_mbc?ie=UTF8&amp;condition=all,,404
https://www.amazon.com/gp/offer-listing/B08RC11JLL/ref=dp_olp_new_mbc?ie=UTF8&amp;condition=all,,404
https://www.amazon.com/gp/offer-listing/B07PHLG4C2/ref=dp_olp_new_mbc?ie=UTF8&amp;condition=all,,404
https://www.amazon.com/gp/offer-listing/B082Y6PHKR/ref=dp_olp_new_mbc?ie=UTF8&amp;condition=all,,404
https://www.amazon.com/gp/offer-listing/B08GG6FCLT/ref=dp_olp_new_mbc?ie=UTF8&amp;condition=all,,404
https://www.amazon.com/gp/offer-listing/B07PVMRZQH/ref=dp_olp_new_mbc?ie=UTF8&amp;condition=all,,404
https://www.amazon.com/gp/offer-listing/B01CW4AZDS/ref=dp_olp_new_mbc?ie=UTF8&amp;condition=all,,404
https://www.amazon.com/gp/offer-listing/B08S36GM4B/ref=dp_olp_new_mbc?ie=UTF8&amp;condition=all,,404
https://www.amazon.com/gp/offer-listing/B08TC5RGSX/ref=dp_olp_new_mbc?ie=UTF8&amp;condition=all,,404
https://www.amazon.com/gp/offer-listing/B086VJN8RC/ref=dp_olp_new_mbc?ie=UTF8&amp;condition=all,,404
https://www.amazon.com/gp/offer-listing/B08K8W68BX/ref=dp_olp_new_mbc?ie=UTF8&amp;condition=all,,404
https://www.amazon.com/gp/offer-listing/B0868LH58W/ref=dp_olp_new_mbc?ie=UTF8&amp;condition=all,,404
https://www.amazon.com/gp/offer-listing/B07B8XTS3Z/ref=dp_olp_new_mbc?ie=UTF8&amp;condition=all,,404
https://www.amazon.com/gp/offer-listing/B07J224T84/ref=dp_olp_new_mbc?ie=UTF8&amp;condition=all,,404
https://www.amazon.com/gp/offer-listing/B00B73JOC4/ref=dp_olp_new_mbc?ie=UTF8&amp;condition=all,,404
https://www.amazon.com/gp/offer-listing/B06WD843ZM/ref=dp_olp_new_mbc?ie=UTF8&amp;condition=all,,404
https://www.amazon.com/gp/offer-listing/B08F3CVP38/ref=dp_olp_new_mbc?ie=UTF8&amp;condition=all,,404
https://www.amazon.com/gp/offer-listing/B07GB2T125/ref=dp_olp_new_mbc?ie=UTF8&amp;condition=all,,404
https://www.amazon.com/gp/offer-listing/B08L3KS4FN/ref=dp_olp_new_mbc?ie=UTF8&amp;condition=all,,404
https://www.amazon.com/gp/offer-listing/B07GYXYWQF/ref=dp_olp_new_mbc?ie=UTF8&amp;condition=all,,404
https://www.amazon.com/gp/offer-listing/B08F4YKCBR/ref=dp_olp_new_mbc?ie=UTF8&amp;condition=all,,404
https://www.amazon.com/gp/offer-listing/B0875Q5GVQ/ref=dp_olp_new_mbc?ie=UTF8&amp;condition=all,,404
https://www.amazon.com/gp/offer-listing/B08CVPYCPR/ref=dp_olp_new_mbc?ie=UTF8&amp;condition=all,,404
https://www.amazon.com/gp/offer-listing/B07MYYV9K1/ref=dp_olp_new_mbc?ie=UTF8&amp;condition=all,,404
https://www.amazon.com/gp/offer-listing/B089DDXV1W/ref=dp_olp_new_mbc?ie=UTF8&amp;condition=all,,404
https://www.amazon.com/gp/offer-listing/B07LFWD71T/ref=dp_olp_new_mbc?ie=UTF8&amp;condition=all,,404
https://www.amazon.com/gp/offer-listing/B06XT7M6P5/ref=dp_olp_new_mbc?ie=UTF8&amp;condition=all,,404
https://www.amazon.com/gp/offer-listing/B082KWD94W/ref=dp_olp_new_mbc?ie=UTF8&amp;condition=all,,404
https://www.amazon.com/gp/offer-listing/B08PFDP55G/ref=dp_olp_new_mbc?ie=UTF8&amp;condition=all,,404
https://www.amazon.com/gp/offer-listing/B0829WGK49/ref=dp_olp_new_mbc?ie=UTF8&amp;condition=all,,404
https://www.amazon.com/gp/offer-listing/B08R5LZYDW/ref=dp_olp_new_mbc?ie=UTF8&amp;condition=all,,404
https://www.amazon.com/gp/offer-listing/B01CETEZ78/ref=dp_olp_new_mbc?ie=UTF8&amp;condition=all,,404
https://www.amazon.com/gp/offer-listing/B0982B1F1J/ref=dp_olp_new_mbc?ie=UTF8&amp;condition=all,,404
https://www.amazon.com/gp/offer-listing/B07R2CNSTK/ref=dp_olp_new_mbc?ie=UTF8&amp;condition=all,,404
https://www.amazon.com/gp/offer-listing/B010TQY7A8/ref=dp_olp_new_mbc?ie=UTF8&amp;condition=all,,404
https://www.amazon.com/gp/offer-listing/B07H4YQF3Q/ref=dp_olp_new_mbc?ie=UTF8&amp;condition=all,,404
https://www.amazon.com/gp/offer-listing/B07CRSXMW8/ref=dp_olp_new_mbc?ie=UTF8&amp;condition=all,,404
https://www.amazon.com/gp/offer-listing/B085KTQKNC/ref=dp_olp_new_mbc?ie=UTF8&amp;condition=all,,404
https://www.amazon.com/gp/offer-listing/B083VRT815/ref=dp_olp_new_mbc?ie=UTF8&amp;condition=all,,404
https://www.amazon.com/gp/offer-listing/B00DW1JT5G/ref=dp_olp_new_mbc?ie=UTF8&amp;condition=all,,404
https://www.amazon.com/gp/offer-listing/B07MWPMZXN/ref=dp_olp_new_mbc?ie=UTF8&amp;condition=all,,404
https://www.amazon.com/gp/offer-listing/B00PKNO7LK/ref=dp_olp_new_mbc?ie=UTF8&amp;condition=all,,404
https://www.amazon.com/gp/offer-listing/B07P6MZPK3/ref=dp_olp_new_mbc?ie=UTF8&amp;condition=all,,404
https://www.amazon.com/gp/offer-listing/B00JM5GW10/ref=dp_olp_new_mbc?ie=UTF8&amp;condition=all,,404
https://www.amazon.com/gp/offer-listing/B018HB2QFU/ref=dp_olp_new_mbc?ie=UTF8&amp;condition=all,,404
https://www.amazon.com/gp/offer-listing/B001CJVTLC/ref=dp_olp_new_mbc?ie=UTF8&amp;condition=all,,404
https://www.amazon.com/gp/offer-listing/B097ZMX6ZC/ref=dp_olp_new_mbc?ie=UTF8&amp;condition=all,,404
https://www.amazon.com/gp/offer-listing/B00005C5H4/ref=dp_olp_new_mbc?ie=UTF8&amp;condition=all,,404
https://www.amazon.com/gp/offer-listing/B00000IV35/ref=dp_olp_new_mbc?ie=UTF8&amp;condition=all,,404
https://www.amazon.com/gp/offer-listing/B083GQD7FB/ref=dp_olp_new_mbc?ie=UTF8&amp;condition=all,,404
https://www.amazon.com/gp/offer-listing/B0721MB4L6/ref=dp_olp_new_mbc?ie=UTF8&amp;condition=all,,404
https://www.amazon.com/gp/offer-listing/B071FLSWBS/ref=dp_olp_new_mbc?ie=UTF8&amp;condition=all,,404
https://www.amazon.com/gp/offer-listing/B07W7FLKRW/ref=dp_olp_new_mbc?ie=UTF8&amp;condition=all,,404
https://www.amazon.com/gp/offer-listing/B07NXDJ52C/ref=dp_olp_new_mbc?ie=UTF8&amp;condition=all,,404
https://www.amazon.com/gp/offer-listing/B012A7R7I8/ref=dp_olp_new_mbc?ie=UTF8&amp;condition=all,,404
https://www.amazon.com/gp/offer-listing/B019592A6I/ref=dp_olp_new_mbc?ie=UTF8&amp;condition=all,,404
https://www.amazon.com/gp/offer-listing/B07MBW6JNL/ref=dp_olp_new_mbc?ie=UTF8&amp;condition=all,,404
https://www.amazon.com/gp/offer-listing/B09138R2XM/ref=dp_olp_new_mbc?ie=UTF8&amp;condition=all,,404
https://www.amazon.com/gp/offer-listing/B00N1QPNMA/ref=dp_olp_new_mbc?ie=UTF8&amp;condition=all,,404
https://www.amazon.com/gp/offer-listing/B07B6NP36Q/ref=dp_olp_new_mbc?ie=UTF8&amp;condition=all,,404
https://www.amazon.com/gp/offer-listing/B083ZZSGLR/ref=dp_olp_new_mbc?ie=UTF8&amp;condition=all,,404
https://www.amazon.com/gp/offer-listing/B078VVLQ6J/ref=dp_olp_new_mbc?ie=UTF8&amp;condition=all,,404
https://www.amazon.com/gp/offer-listing/B0836WRWFY/ref=dp_olp_new_mbc?ie=UTF8&amp;condition=all,,404
https://www.amazon.com/gp/offer-listing/B00D8STBHY/ref=dp_olp_new_mbc?ie=UTF8&amp;condition=all,,404
https://www.amazon.com/gp/offer-listing/B07D4T2XKB/ref=dp_olp_new_mbc?ie=UTF8&amp;condition=all,,404
https://www.amazon.com/gp/offer-listing/B06XV1LW52/ref=dp_olp_new_mbc?ie=UTF8&amp;condition=all,,404
https://www.amazon.com/gp/offer-listing/B004S8F7QM/ref=dp_olp_new_mbc?ie=UTF8&amp;condition=all,,404
https://www.amazon.com/gp/offer-listing/B08CVSNRRG/ref=dp_olp_new_mbc?ie=UTF8&amp;condition=all,,404
https://www.amazon.com/gp/offer-listing/B009CAPYR8/ref=dp_olp_new_mbc?ie=UTF8&amp;condition=all,,404
https://www.amazon.com/gp/offer-listing/B00BTX5926/ref=dp_olp_new_mbc?ie=UTF8&amp;condition=all,,404
https://www.amazon.com/gp/offer-listing/B00ABA0ZOA/ref=dp_olp_new_mbc?ie=UTF8&amp;condition=all,,404
https://www.amazon.com/gp/offer-listing/B08SLZ712T/ref=dp_olp_new_mbc?ie=UTF8&amp;condition=all,,404
https://www.amazon.com/gp/offer-listing/B07H331J4R/ref=dp_olp_new_mbc?ie=UTF8&amp;condition=all,,404
https://www.amazon.com/gp/offer-listing/B08KGV5MZD/ref=dp_olp_new_mbc?ie=UTF8&amp;condition=all,,404
https://www.amazon.com/gp/offer-listing/B07GTDRNKD/ref=dp_olp_new_mbc?ie=UTF8&amp;condition=all,,404
https://www.amazon.com/gp/offer-listing/B08TVWR4C6/ref=dp_olp_new_mbc?ie=UTF8&amp;condition=all,,404
https://www.amazon.com/gp/offer-listing/B004INDQWY/ref=dp_olp_new_mbc?ie=UTF8&amp;condition=all,,404
https://www.amazon.com/gp/offer-listing/B01DGIKD68/ref=dp_olp_new_mbc?ie=UTF8&amp;condition=all,,404
https://www.amazon.com/gp/offer-listing/B01C5A2WJO/ref=dp_olp_new_mbc?ie=UTF8&amp;condition=all,,404
https://www.amazon.com/gp/offer-listing/B097ZZCJFX/ref=dp_olp_new_mbc?ie=UTF8&amp;condition=all,,404
https://www.amazon.com/gp/offer-listing/B07PHCWJ9W/ref=dp_olp_new_mbc?ie=UTF8&amp;condition=all,,404
https://www.amazon.com/gp/offer-listing/B07Y29TRQY/ref=dp_olp_new_mbc?ie=UTF8&amp;condition=all,,404
https://www.amazon.com/gp/offer-listing/B000KI111Y/ref=dp_olp_new_mbc?ie=UTF8&amp;condition=all,,404
https://www.amazon.com/gp/offer-listing/B00PYLU3GG/ref=dp_olp_new_mbc?ie=UTF8&amp;condition=all,,404
https://www.amazon.com/gp/offer-listing/B0796JVBJ8/ref=dp_olp_new_mbc?ie=UTF8&amp;condition=all,,404
https://www.amazon.com/gp/offer-listing/B007YCMCIA/ref=dp_olp_new_mbc?ie=UTF8&amp;condition=all,,404
https://www.amazon.com/gp/offer-listing/B071CKSMS7/ref=dp_olp_new_mbc?ie=UTF8&amp;condition=all,,404
https://www.amazon.com/gp/offer-listing/B08PW4GGZN/ref=dp_olp_new_mbc?ie=UTF8&amp;condition=all,,404
https://www.amazon.com/gp/offer-listing/B097CJZ9TL/ref=dp_olp_new_mbc?ie=UTF8&amp;condition=all,,404
https://www.amazon.com/gp/offer-listing/B097H17CVQ/ref=dp_olp_new_mbc?ie=UTF8&amp;condition=all,,404
https://www.amazon.com/gp/offer-listing/B07SXLYQ6S/ref=dp_olp_new_mbc?ie=UTF8&amp;condition=all,,404
https://www.amazon.com/gp/offer-listing/B08KRKY9BQ/ref=dp_olp_new_mbc?ie=UTF8&amp;condition=all,,404
https://www.amazon.com/gp/offer-listing/B00YTWEMUO/ref=dp_olp_new_mbc?ie=UTF8&amp;condition=all,,404
https://www.amazon.com/gp/offer-listing/B08FNW7QDB/ref=dp_olp_new_mbc?ie=UTF8&amp;condition=all,,404
https://www.amazon.com/gp/offer-listing/B08PN3D63S/ref=dp_olp_new_mbc?ie=UTF8&amp;condition=all,,404
https://www.amazon.com/gp/offer-listing/B08TLVJQRZ/ref=dp_olp_new_mbc?ie=UTF8&amp;condition=all,,404
https://www.amazon.com/gp/offer-listing/B00000IVAK/ref=dp_olp_new_mbc?ie=UTF8&amp;condition=all,,404
https://www.amazon.com/gp/offer-listing/B00U26V4VQ/ref=dp_olp_new_mbc?ie=UTF8&amp;condition=all,,404
https://www.amazon.com/gp/offer-listing/B01IXYY172/ref=dp_olp_new_mbc?ie=UTF8&amp;condition=all,,404
https://www.amazon.com/gp/offer-listing/B01MG2163Y/ref=dp_olp_new_mbc?ie=UTF8&amp;condition=all,,404
https://www.amazon.com/gp/offer-listing/B0812LQ8GW/ref=dp_olp_new_mbc?ie=UTF8&amp;condition=all,,404
https://www.amazon.com/gp/offer-listing/B07YQMVKY6/ref=dp_olp_new_mbc?ie=UTF8&amp;condition=all,,404
https://www.amazon.com/gp/offer-listing/B091TL7CCP/ref=dp_olp_new_mbc?ie=UTF8&amp;condition=all,,404
https://www.amazon.com/gp/offer-listing/B087ZTH98B/ref=dp_olp_new_mbc?ie=UTF8&amp;condition=all,,404
https://www.amazon.com/gp/offer-listing/B07PWDYF5J/ref=dp_olp_new_mbc?ie=UTF8&amp;condition=all,,404
https://www.amazon.com/gp/offer-listing/B07BMLS2BT/ref=dp_olp_new_mbc?ie=UTF8&amp;condition=all,,404
https://www.amazon.com/gp/offer-listing/B001MY20X8/ref=dp_olp_new_mbc?ie=UTF8&amp;condition=all,,404
https://www.amazon.com/gp/offer-listing/B07Z5BRRF7/ref=dp_olp_new_mbc?ie=UTF8&amp;condition=all,,404
https://www.amazon.com/gp/offer-listing/B086CBQD2M/ref=dp_olp_new_mbc?ie=UTF8&amp;condition=all,,404
https://www.amazon.com/gp/offer-listing/B093KXBQL4/ref=dp_olp_new_mbc?ie=UTF8&amp;condition=all,,404
https://www.amazon.com/gp/offer-listing/B084TRQCVX/ref=dp_olp_new_mbc?ie=UTF8&amp;condition=all,,404
https://www.amazon.com/gp/offer-listing/B094H9X2VV/ref=dp_olp_new_mbc?ie=UTF8&amp;condition=all,,404
https://www.amazon.com/gp/offer-listing/B0922WX37L/ref=dp_olp_new_mbc?ie=UTF8&amp;condition=all,,404
https://www.amazon.com/gp/offer-listing/B07PTSZ43T/ref=dp_olp_new_mbc?ie=UTF8&amp;condition=all,,404
https://www.amazon.com/gp/offer-listing/B07MYTBV6N/ref=dp_olp_new_mbc?ie=UTF8&amp;condition=all,,404
https://www.amazon.com/gp/offer-listing/B07P6RFKRL/ref=dp_olp_new_mbc?ie=UTF8&amp;condition=all,,404
https://www.amazon.com/gp/offer-listing/B00000DMF5/ref=dp_olp_new_mbc?ie=UTF8&amp;condition=all,,404
https://www.amazon.com/gp/offer-listing/B01BX4G6FY/ref=dp_olp_new_mbc?ie=UTF8&amp;condition=all,,404
https://www.amazon.com/gp/offer-listing/B00006RVTS/ref=dp_olp_new_mbc?ie=UTF8&amp;condition=all,,404
https://www.amazon.com/gp/offer-listing/B08XN821N5/ref=dp_olp_new_mbc?ie=UTF8&amp;condition=all,,404
https://www.amazon.com/gp/offer-listing/B00000IZJB/ref=dp_olp_new_mbc?ie=UTF8&amp;condition=all,,404
https://www.amazon.com/gp/offer-listing/B007DW6F34/ref=dp_olp_new_mbc?ie=UTF8&amp;condition=all,,404
https://www.amazon.com/gp/offer-listing/B01N16VX79/ref=dp_olp_new_mbc?ie=UTF8&amp;condition=all,,404
https://www.amazon.com/gp/offer-listing/B09197N995/ref=dp_olp_new_mbc?ie=UTF8&amp;condition=all,,404
https://www.amazon.com/gp/offer-listing/B015CCR1FW/ref=dp_olp_new_mbc?ie=UTF8&amp;condition=all,,404
https://www.amazon.com/gp/offer-listing/B07TS96J7Q/ref=dp_olp_new_mbc?ie=UTF8&amp;condition=all,,404
