ASIN,Lien Original,Titre Extrait
B079QHML21,https://www.amazon.com/gp/offer-listing/B079QHML21/ref=dp_olp_new_mbc?ie=UTF8&condition=all,Amazon.com
B07FZ8S74R,https://www.amazon.com/gp/offer-listing/B07FZ8S74R/ref=dp_olp_new_mbc?ie=UTF8&condition=all,Amazon.com
B07XJ8C8F5,https://www.amazon.com/gp/offer-listing/B07XJ8C8F5/ref=dp_olp_new_mbc?ie=UTF8&condition=all,Amazon.com
B07WVFCVJN,https://www.amazon.com/gp/offer-listing/B07WVFCVJN/ref=dp_olp_new_mbc?ie=UTF8&condition=all,Amazon.com
B08YT2N5SX,https://www.amazon.com/gp/offer-listing/B08YT2N5SX/ref=dp_olp_new_mbc?ie=UTF8&condition=all,Amazon.com
B07TMJ1R3X,https://www.amazon.com/gp/offer-listing/B07TMJ1R3X/ref=dp_olp_new_mbc?ie=UTF8&condition=all,Amazon.com
B07X6C9RMF,https://www.amazon.com/gp/offer-listing/B07X6C9RMF/ref=dp_olp_new_mbc?ie=UTF8&condition=all,Amazon.com
B08BX7FV5L,https://www.amazon.com/gp/offer-listing/B08BX7FV5L/ref=dp_olp_new_mbc?ie=UTF8&condition=all,Amazon.com
B075XLWML4,https://www.amazon.com/gp/offer-listing/B075XLWML4/ref=dp_olp_new_mbc?ie=UTF8&condition=all,Amazon.com
B089DR29T6,https://www.amazon.com/gp/offer-listing/B089DR29T6/ref=dp_olp_new_mbc?ie=UTF8&condition=all,Amazon.com
B07WDDT3G5,https://www.amazon.com/gp/offer-listing/B07WDDT3G5/ref=dp_olp_new_mbc?ie=UTF8&condition=all,Amazon.com
B086DKSHQ4,https://www.amazon.com/gp/offer-listing/B086DKSHQ4/ref=dp_olp_new_mbc?ie=UTF8&condition=all,Amazon.com
B08YSYKH19,https://www.amazon.com/gp/offer-listing/B08YSYKH19/ref=dp_olp_new_mbc?ie=UTF8&condition=all,Amazon.com
B084J4MZK8,https://www.amazon.com/gp/offer-listing/B084J4MZK8/ref=dp_olp_new_mbc?ie=UTF8&condition=all,Amazon.com
B07HZLHPKP,https://www.amazon.com/gp/offer-listing/B07HZLHPKP/ref=dp_olp_new_mbc?ie=UTF8&condition=all,Amazon.com
B07CXG6C9W,https://www.amazon.com/gp/offer-listing/B07CXG6C9W/ref=dp_olp_new_mbc?ie=UTF8&condition=all,Amazon.com
B07VTK654B,https://www.amazon.com/gp/offer-listing/B07VTK654B/ref=dp_olp_new_mbc?ie=UTF8&condition=all,Amazon.com
B00EB4ADQW,https://www.amazon.com/gp/offer-listing/B00EB4ADQW/ref=dp_olp_new_mbc?ie=UTF8&condition=all,Amazon.com
B07W95GZNH,https://www.amazon.com/gp/offer-listing/B07W95GZNH/ref=dp_olp_new_mbc?ie=UTF8&condition=all,Amazon.com
B07FPP6TB5,https://www.amazon.com/gp/offer-listing/B07FPP6TB5/ref=dp_olp_new_mbc?ie=UTF8&condition=all,Amazon.com
B07WQ1VH72,https://www.amazon.com/gp/offer-listing/B07WQ1VH72/ref=dp_olp_new_mbc?ie=UTF8&condition=all,Amazon.com
B086DL32R3,https://www.amazon.com/gp/offer-listing/B086DL32R3/ref=dp_olp_new_mbc?ie=UTF8&condition=all,Amazon.com
B07Q3T177V,https://www.amazon.com/gp/offer-listing/B07Q3T177V/ref=dp_olp_new_mbc?ie=UTF8&condition=all,Amazon.com
B00BWF5U0M,https://www.amazon.com/gp/offer-listing/B00BWF5U0M/ref=dp_olp_new_mbc?ie=UTF8&condition=all,Amazon.com
B086DKSYTS,https://www.amazon.com/gp/offer-listing/B086DKSYTS/ref=dp_olp_new_mbc?ie=UTF8&condition=all,Amazon.com
B08G9TJWW9,https://www.amazon.com/gp/offer-listing/B08G9TJWW9/ref=dp_olp_new_mbc?ie=UTF8&condition=all,Amazon.com
B01FXC7JWQ,https://www.amazon.com/gp/offer-listing/B01FXC7JWQ/ref=dp_olp_new_mbc?ie=UTF8&condition=all,Amazon.com
B07DGR98VQ,https://www.amazon.com/gp/offer-listing/B07DGR98VQ/ref=dp_olp_new_mbc?ie=UTF8&condition=all,Amazon.com
B07XKF5RM3,https://www.amazon.com/gp/offer-listing/B07XKF5RM3/ref=dp_olp_new_mbc?ie=UTF8&condition=all,Amazon.com
B08KY684PB,https://www.amazon.com/gp/offer-listing/B08KY684PB/ref=dp_olp_new_mbc?ie=UTF8&condition=all,"COMSOON Bluetooth Receiver for Car, Noise Cancelling 3.5mm AUX Bluetooth Car Adapter, Wireless Audio Receiver for Home Stereo/Wired Headphones, Hands-Free Call, 16H Battery Life - Black+Silver"
B00DOMYL24,https://www.amazon.com/gp/offer-listing/B00DOMYL24/ref=dp_olp_new_mbc?ie=UTF8&condition=all,Amazon.com
B091N43KTX,https://www.amazon.com/gp/offer-listing/B091N43KTX/ref=dp_olp_new_mbc?ie=UTF8&condition=all,Amazon.com
B07CVL2D2S,https://www.amazon.com/gp/offer-listing/B07CVL2D2S/ref=dp_olp_new_mbc?ie=UTF8&condition=all,Amazon.com
B0872FYTWS,https://www.amazon.com/gp/offer-listing/B0872FYTWS/ref=dp_olp_new_mbc?ie=UTF8&condition=all,Amazon.com
B08ZN97SWW,https://www.amazon.com/gp/offer-listing/B08ZN97SWW/ref=dp_olp_new_mbc?ie=UTF8&condition=all,Amazon.com
B079JD7F7G,https://www.amazon.com/gp/offer-listing/B079JD7F7G/ref=dp_olp_new_mbc?ie=UTF8&condition=all,Amazon.com
B07WFLBX6Q,https://www.amazon.com/gp/offer-listing/B07WFLBX6Q/ref=dp_olp_new_mbc?ie=UTF8&condition=all,Amazon.com
B07H8WS1FT,https://www.amazon.com/gp/offer-listing/B07H8WS1FT/ref=dp_olp_new_mbc?ie=UTF8&condition=all,Amazon.com
B086DKMSSM,https://www.amazon.com/gp/offer-listing/B086DKMSSM/ref=dp_olp_new_mbc?ie=UTF8&condition=all,Amazon.com
B015IY34FA,https://www.amazon.com/gp/offer-listing/B015IY34FA/ref=dp_olp_new_mbc?ie=UTF8&condition=all,"Fujifilm Mini Instant Film, 10 Sheets√ó5 Pack(Total 50 Shoots)"
B07WJS3QDX,https://www.amazon.com/gp/offer-listing/B07WJS3QDX/ref=dp_olp_new_mbc?ie=UTF8&condition=all,Amazon.com
B0874YZVWK,https://www.amazon.com/gp/offer-listing/B0874YZVWK/ref=dp_olp_new_mbc?ie=UTF8&condition=all,Amazon.com
B08F5LQCYP,https://www.amazon.com/gp/offer-listing/B08F5LQCYP/ref=dp_olp_new_mbc?ie=UTF8&condition=all,Amazon.com
B07X27VK3D,https://www.amazon.com/gp/offer-listing/B07X27VK3D/ref=dp_olp_new_mbc?ie=UTF8&condition=all,Amazon.com
B07PS737QQ,https://www.amazon.com/gp/offer-listing/B07PS737QQ/ref=dp_olp_new_mbc?ie=UTF8&condition=all,Amazon.com
B08J61NFNR,https://www.amazon.com/gp/offer-listing/B08J61NFNR/ref=dp_olp_new_mbc?ie=UTF8&condition=all,Amazon.com
B0916TKFF2,https://www.amazon.com/gp/offer-listing/B0916TKFF2/ref=dp_olp_new_mbc?ie=UTF8&condition=all,Amazon.com
B086VR9J8Q,https://www.amazon.com/gp/offer-listing/B086VR9J8Q/ref=dp_olp_new_mbc?ie=UTF8&condition=all,Amazon.com
B07YGZL8XF,https://www.amazon.com/gp/offer-listing/B07YGZL8XF/ref=dp_olp_new_mbc?ie=UTF8&condition=all,Amazon.com
B095NWYQBC,https://www.amazon.com/gp/offer-listing/B095NWYQBC/ref=dp_olp_new_mbc?ie=UTF8&condition=all,"Wyze Cam Spotlight, Wyze Cam v3 Security Camera with Spotlight Kit, 1080p HD Security Camera with Two-Way Audio and Siren, IP65 Weatherproof, Compatible with Alexa and Google Assistant"
B086VRY8GZ,https://www.amazon.com/gp/offer-listing/B086VRY8GZ/ref=dp_olp_new_mbc?ie=UTF8&condition=all,Amazon.com
B071FXZBMV,https://www.amazon.com/gp/offer-listing/B071FXZBMV/ref=dp_olp_new_mbc?ie=UTF8&condition=all,Amazon.com
B07FKR6KXF,https://www.amazon.com/gp/offer-listing/B07FKR6KXF/ref=dp_olp_new_mbc?ie=UTF8&condition=all,Amazon.com
B084J4KNDS,https://www.amazon.com/gp/offer-listing/B084J4KNDS/ref=dp_olp_new_mbc?ie=UTF8&condition=all,Amazon.com
B08F6B347L,https://www.amazon.com/gp/offer-listing/B08F6B347L/ref=dp_olp_new_mbc?ie=UTF8&condition=all,Amazon.com
B087RKKXM5,https://www.amazon.com/gp/offer-listing/B087RKKXM5/ref=dp_olp_new_mbc?ie=UTF8&condition=all,Amazon.com
B07PF1Y28C,https://www.amazon.com/gp/offer-listing/B07PF1Y28C/ref=dp_olp_new_mbc?ie=UTF8&condition=all,Amazon.com
B08DFCWVZ4,https://www.amazon.com/gp/offer-listing/B08DFCWVZ4/ref=dp_olp_new_mbc?ie=UTF8&condition=all,"Fitbit Sense Advanced Smartwatch with Tools for Heart Health, Stress Management & Skin Temperature Trends, Carbon/Graphite, One Size (S & L Bands Included)"
B086VRR9K9,https://www.amazon.com/gp/offer-listing/B086VRR9K9/ref=dp_olp_new_mbc?ie=UTF8&condition=all,Amazon.com
B07KGVB6D6,https://www.amazon.com/gp/offer-listing/B07KGVB6D6/ref=dp_olp_new_mbc?ie=UTF8&condition=all,Amazon.com
B081RJ8DW1,https://www.amazon.com/gp/offer-listing/B081RJ8DW1/ref=dp_olp_new_mbc?ie=UTF8&condition=all,Amazon.com
B08YKGZF7P,https://www.amazon.com/gp/offer-listing/B08YKGZF7P/ref=dp_olp_new_mbc?ie=UTF8&condition=all,Amazon.com
B08ZN8JP3G,https://www.amazon.com/gp/offer-listing/B08ZN8JP3G/ref=dp_olp_new_mbc?ie=UTF8&condition=all,Amazon.com
B07HZJ64WD,https://www.amazon.com/gp/offer-listing/B07HZJ64WD/ref=dp_olp_new_mbc?ie=UTF8&condition=all,Amazon.com
B0148NNKTC,https://www.amazon.com/gp/offer-listing/B0148NNKTC/ref=dp_olp_new_mbc?ie=UTF8&condition=all,Amazon.com
B086DKGCFP,https://www.amazon.com/gp/offer-listing/B086DKGCFP/ref=dp_olp_new_mbc?ie=UTF8&condition=all,Amazon.com
B08F6DWKQP,https://www.amazon.com/gp/offer-listing/B08F6DWKQP/ref=dp_olp_new_mbc?ie=UTF8&condition=all,Amazon.com
B07978J597,https://www.amazon.com/gp/offer-listing/B07978J597/ref=dp_olp_new_mbc?ie=UTF8&condition=all,Kindle (2019 release) - With a Built-in Front Light - Black
B07WGL828F,https://www.amazon.com/gp/offer-listing/B07WGL828F/ref=dp_olp_new_mbc?ie=UTF8&condition=all,Amazon.com
B08R6S1M1K,https://www.amazon.com/gp/offer-listing/B08R6S1M1K/ref=dp_olp_new_mbc?ie=UTF8&condition=all,Amazon.com
B084DCJKSL,https://www.amazon.com/gp/offer-listing/B084DCJKSL/ref=dp_olp_new_mbc?ie=UTF8&condition=all,Amazon.com
B07TWFVDWT,https://www.amazon.com/gp/offer-listing/B07TWFVDWT/ref=dp_olp_new_mbc?ie=UTF8&condition=all,Amazon.com
B07MVZZV3G,https://www.amazon.com/gp/offer-listing/B07MVZZV3G/ref=dp_olp_new_mbc?ie=UTF8&condition=all,Amazon.com
B08F6GPQQ7,https://www.amazon.com/gp/offer-listing/B08F6GPQQ7/ref=dp_olp_new_mbc?ie=UTF8&condition=all,"Ring Floodlight Cam Wired Plus (newest model), Outdoor home or business security with motion-activated 1080p HD video and floodlights, White"
B085WSCTS4,https://www.amazon.com/gp/offer-listing/B085WSCTS4/ref=dp_olp_new_mbc?ie=UTF8&condition=all,Amazon.com
B074JT3698,https://www.amazon.com/gp/offer-listing/B074JT3698/ref=dp_olp_new_mbc?ie=UTF8&condition=all,Amazon.com
B085TC9N3K,https://www.amazon.com/gp/offer-listing/B085TC9N3K/ref=dp_olp_new_mbc?ie=UTF8&condition=all,Amazon.com
B08J65DST5,https://www.amazon.com/gp/offer-listing/B08J65DST5/ref=dp_olp_new_mbc?ie=UTF8&condition=all,Amazon.com
B08F6L6HVP,https://www.amazon.com/gp/offer-listing/B08F6L6HVP/ref=dp_olp_new_mbc?ie=UTF8&condition=all,Amazon.com
B08YSYKBLV,https://www.amazon.com/gp/offer-listing/B08YSYKBLV/ref=dp_olp_new_mbc?ie=UTF8&condition=all,Amazon.com
B08ZN7QCRP,https://www.amazon.com/gp/offer-listing/B08ZN7QCRP/ref=dp_olp_new_mbc?ie=UTF8&condition=all,Amazon.com
B07F981R8M,https://www.amazon.com/gp/offer-listing/B07F981R8M/ref=dp_olp_new_mbc?ie=UTF8&condition=all,Amazon.com
B08YMBQJ49,https://www.amazon.com/gp/offer-listing/B08YMBQJ49/ref=dp_olp_new_mbc?ie=UTF8&condition=all,"Ring Alarm 14-Piece Kit (newest model), Wireless smart home or business security system, expandable, easy setup, Mobile App Control, 24/7 Professional Monitoring, Alexa Compatible"
B07CCGBB7M,https://www.amazon.com/gp/offer-listing/B07CCGBB7M/ref=dp_olp_new_mbc?ie=UTF8&condition=all,Amazon.com
B07GPFDL1K,https://www.amazon.com/gp/offer-listing/B07GPFDL1K/ref=dp_olp_new_mbc?ie=UTF8&condition=all,Amazon.com
B07N4DHFZM,https://www.amazon.com/gp/offer-listing/B07N4DHFZM/ref=dp_olp_new_mbc?ie=UTF8&condition=all,Amazon.com
B07D25RSWX,https://www.amazon.com/gp/offer-listing/B07D25RSWX/ref=dp_olp_new_mbc?ie=UTF8&condition=all,Amazon.com
B08F6FYN6B,https://www.amazon.com/gp/offer-listing/B08F6FYN6B/ref=dp_olp_new_mbc?ie=UTF8&condition=all,Amazon.com
B001E1Y5O6,https://www.amazon.com/gp/offer-listing/B001E1Y5O6/ref=dp_olp_new_mbc?ie=UTF8&condition=all,Amazon.com
B08BNVQDWT,https://www.amazon.com/gp/offer-listing/B08BNVQDWT/ref=dp_olp_new_mbc?ie=UTF8&condition=all,Amazon.com
B072M34RQC,https://www.amazon.com/gp/offer-listing/B072M34RQC/ref=dp_olp_new_mbc?ie=UTF8&condition=all,Amazon.com
