ASIN,Titre Récupéré
B079QHML21,Fire TV Stick 4K streaming device with Alexa Voice Remote (includes TV controls) | Dolby Vision
B07FZ8S74R,"Echo Dot (3rd Gen, 2018 release) - Smart speaker with Alexa - Charcoal"
B07XJ8C8F5,"Echo Dot (4th Gen, 2020 release) | Smart speaker with Alexa | Charcoal"
B07WVFCVJN,"Roku Express | HD Roku Streaming Device with Simple Remote (no TV controls), Free & Live TV"
B08YT2N5SX,Echo Dot (4th Gen) | Charcoal with Sengled Bluetooth Color bulb | Alexa smart home starter kit
B07TMJ1R3X,"Fire HD 8 tablet, 8"" HD display, 32 GB, (2020 release), designed for portable entertainment, Black"
B07X6C9RMF,"Blink Mini - Compact indoor plug-in smart security camera, 1080p HD video, night vision, motion detection, two-way audio, easy set up, Works with Alexa – 1 camera (White)"
B08BX7FV5L,"Amazon Fire HD 10 tablet, 10.1"", 1080p Full HD, 32 GB, (2021 release), Black"
B075XLWML4,Roku Streaming Stick+ | HD/4K/HDR Streaming Device with Long-range Wireless and Roku Voice Remote with TV Controls
B089DR29T6,"Amazon Smart Plug | Works with Alexa | Simple setup, endless possibilities"
B07WDDT3G5,"Fire HD 8 Kids tablet, 8"" HD display, ages 3-7, 32 GB, includes a 1-year subscription to Amazon Kids+ content, Blue Kid-Proof Case, (2020 release)"
B086DKSHQ4,"Blink Outdoor (3rd Gen) - wireless, weather-resistant HD security camera, two-year battery life, motion detection, set up in minutes – 3 camera system"
B08YSYKH19,Echo Dot (4th Gen) | Twilight Blue with Sengled Bluetooth Color bulb | Alexa smart home starter kit
B084J4MZK8,Echo Dot (4th Gen) | Smart speaker with Alexa | Twilight Blue
B07HZLHPKP,"Echo Show 5 (1st Gen, 2019 release) -- Smart display with Alexa – stay connected with video calling - Charcoal"
B07CXG6C9W,Kindle Paperwhite – (previous generation - 2018 release) Waterproof with 2x the Storage – Ad-Supported
B07VTK654B,Echo Auto (1st gen) - Hands-free Alexa in your car with your phone
B00EB4ADQW,"FUJIFILM Instax Mini Instant Film Twin Pack (White), 20 Photos"
B07W95GZNH,Echo Dot (3rd Gen) - Smart speaker with Alexa - Plum
B07FPP6TB5,"INSIGNIA 32-inch Class F20 Series Smart HD 720p Fire TV (NS-32DF310NA19, 2018 Model)"
B07WQ1VH72,"Fire HD 8 tablet, 8"" HD display, 32 GB, (2020 release), designed for portable entertainment, Twilight Blue"
B086DL32R3,Titre non trouvé
B07Q3T177V,Titre non trouvé
B00BWF5U0M,SABRENT 4 Port USB 2.0 Data Hub with Individual LED lit Power Switches [Charging NOT Supported] for Mac & PC (HB-UMLS)
B086DKSYTS,"Blink Outdoor (3rd Gen) - wireless, weather-resistant HD security camera, two-year battery life, motion detection, set up in minutes – 1 camera system"
B08G9TJWW9,"Roku Ultra | Streaming Device HD/4K/HDR/Dolby Vision with Dolby Atmos, Bluetooth Streaming, and Roku Voice Remote with Headphone Jack and Personal Shortcuts, includes Premium HDMI® Cable"
B01FXC7JWQ,"Furbo Dog Camera: Treat Tossing, Full HD Wifi Pet Camera and 2-Way Audio, Designed for Dogs, Compatible with Alexa (As Seen On Ellen)"
B07DGR98VQ,"Wyze Cam 1080p Pan/Tilt/Zoom Wi-Fi Indoor Smart Home Camera with Night Vision, 2-Way Audio, Works with Alexa & the Google Assistant, White - WYZECP1"
B07XKF5RM3,"Amazon Echo (newest model), Alexa speaker with premium sound, Ideal for large bedrooms, living rooms and kitchens, Charcoal"
B08KY684PB,"COMSOON Bluetooth Receiver for Car, Noise Cancelling 3.5mm AUX Bluetooth Car Adapter, Wireless Audio Receiver for Home Stereo/Wired Headphones, Hands-Free Call, 16H Battery Life - Black+Silver"
B00DOMYL24,"GE Surge Protector Power Strip, 10 Ft Extension Cord, 6 Outlet Extender, 800 Joules, Flat Plug, Twist-to-Close Safety Covers, ETL Listed, White, 14092"
B091N43KTX,Echo Dot (4th Gen) | Glacier White with Sengled Bluetooth Color bulb | Alexa smart home starter kit
B07CVL2D2S,"Acer 21.5 Inch Full HD (1920 x 1080) IPS Ultra-Thin Zero Frame Computer Monitor (HDMI & VGA Port), SB220Q bi"
B0872FYTWS,"TOSHIBA 43LF421U21 43-inch Smart HD 1080p TV - Fire TV, Released 2020"
B08ZN97SWW,Titre non trouvé
B079JD7F7G,"TP-Link Archer AC1750 WiFi Router - Dualband Gigabit, Qualcomm inside, Works with Alexa(A7), Black"
B07WFLBX6Q,"Fire HD 8 Kids tablet, 8"" HD display, ages 3-7, 32 GB, includes a 1-year subscription to Amazon Kids+ content, Purple Kid-Proof Case, (2020 release)"
B07H8WS1FT,"Fire 7 Kids tablet, 7"" Display, ages 3-7, 16 GB, (2019 release), Blue Kid-Proof Case"
B086DKMSSM,"Blink Outdoor (3rd Gen) – wireless, weather-resistant HD security camera with two-year battery life and motion detection, set up in minutes – Add-on camera (Sync Module required)"
B015IY34FA,"Fujifilm Mini Instant Film, 10 Sheets×5 Pack(Total 50 Shoots)"
B07WJS3QDX,"Amazon Fire HD 8 Kids tablet, 8"" HD display, ages 3-7, 32 GB, includes a 1-year subscription to Amazon Kids+ content, Pink Kid-Proof Case, (2020 release)"
B0874YZVWK,"INSIGNIA 24-inch Class F20 Series Smart HD 720p Fire TV (NS-24DF310NA21, 2020 Model)"
B08F5LQCYP,"Amazon Fire HD 10 tablet, 10.1"", 1080p Full HD, 32 GB, (2021 release), Denim"
B07X27VK3D,"Blink Mini - Compact indoor plug-in smart security camera, 1080p HD video, night vision, motion detection, two-way audio, easy set up, Works with Alexa – 2 cameras (White)"
B07PS737QQ,Kindle Paperwhite – (previous generation - 2018 release) Waterproof with 2x the Storage – Ad-Supported
B08J61NFNR,"2020 Apple iPad (10.2-inch, Wi-Fi, 128GB) - Space Gray (8th Generation)"
B0916TKFF2,"Roku Express 4K+ | Roku Streaming Device 4K/HDR with Voice Remote, Free & Live TV"
B086VR9J8Q,"TOSHIBA 43LF421U21 43-inch Smart HD 1080p TV - Fire TV, Released 2020"
B07YGZL8XF,"LG 27GL83A-B 27-Inch Ultragear QHD 2560 x 1440 IPS Gaming Monitor, 144Hz, 1ms (GtG), NVIDIA G-SYNC, AMD FreeSync, HDR10, HDMI, DisplayPort, Tilt/Height/Pivot Adjustable Stand, Black"
B095NWYQBC,"Wyze Cam Spotlight, Wyze Cam v3 Security Camera with Spotlight Kit, 1080p HD Security Camera with Two-Way Audio and Siren, IP65 Weatherproof, Compatible with Alexa and Google Assistant"
B086VRY8GZ,"INSIGNIA NS-43DF710NA21 43-inch Smart 4K UHD - Fire TV, Released 2020"
B071FXZBMV,"OHill 16-Pack Black Cord Organizer - Adhesive Cable Clips Holder for Desk, Wall, Car - Wire Management Clips for iPhone Charger, USB, Computer Cables -Cord Keepers with Strong Sticky Backing"
B07FKR6KXF,"Fire 7 tablet, 7"" display, 16 GB, (2019 release), Black"
B084J4KNDS,Echo Dot (4th Gen) | Smart speaker with Alexa | Glacier White
B08F6B347L,"Amazon Fire HD 10 tablet, 10.1"", 1080p Full HD, 32 GB, (2021 release), Lavender"
B087RKKXM5,Addtam USB Wall Charger Surge Protector 5 Outlet Extender with 4 USB Charging Ports (1 USB C Outlet) 3 Sided 1800J Power Strip Multi Plug Outlets Wall Adapter Spaced for Home Travel Office ETL Listed
B07PF1Y28C,"Echo Show 8 (1st Gen, 2019 release) -- HD smart display with Alexa – Unlimited Cloud Photo Storage – Digital Photo Display - Charcoal"
B08DFCWVZ4,"Fitbit Sense Advanced Smartwatch with Tools for Heart Health, Stress Management & Skin Temperature Trends, Carbon/Graphite, One Size (S & L Bands Included)"
B086VRR9K9,Titre non trouvé
B07KGVB6D6,"Fire TV Cube, Hands-free streaming device with Alexa, 4K Ultra HD, includes Alexa Voice Remote"
B081RJ8DW1,"Gskyer Telescope, 70mm Aperture 400mm AZ Mount Astronomical Refracting Telescope for Kids Beginners - Travel Telescope with Carry Bag, Phone Adapter and Wireless Remote."
B08YKGZF7P,"HP Chromebook 14 Laptop, Intel Celeron N4000 Processor, 4 GB RAM, 32 GB eMMC, 14” HD Display, Chrome, Lightweight Computer with Webcam and Dual Mics, Home, School, Music, Movies (14a-na0021nr, 2021)"
B08ZN8JP3G,Titre non trouvé
B07HZJ64WD,"Echo Show 5 (1st Gen, 2019 release) -- Smart display with Alexa – stay connected with video calling - Sandstone"
B0148NNKTC,Acer 23.8” Full HD 1920 x 1080 IPS Zero Frame Home Office Computer Monitor - 178° Wide View Angle - 16.7M - NTSC 72% Color Gamut - Low Blue Light - Tilt Compatible - VGA HDMI DVI R240HY bidx
B086DKGCFP,"Blink Outdoor (3rd Gen) – wireless, weather-resistant HD security camera with two-year battery life and motion detection, set up in minutes – 5 camera system"
B08F6DWKQP,"Ring Floodlight Cam Wired Plus (newest model), Outdoor home or business security with motion-activated 1080p HD video and floodlights, Black"
B07978J597,Kindle (2019 release) - With a Built-in Front Light - Black
B07WGL828F,"Fire HD 8 tablet, 8"" HD display, 32 GB, (2020 release), designed for portable entertainment, Plum"
B08R6S1M1K,"Wall Charger, Surge Protector, QINLIANF 5 Outlet Extender with 4 USB Charging Ports (4.8A Total) 3-Sided 1680J Power Strip Multi Plug Adapter Spaced for Home Travel Office (3U1C)"
B084DCJKSL,"Echo Show 8 (2nd Gen, 2021 release) | HD smart display with Alexa and 13 MP camera | Charcoal"
B07TWFVDWT,"Fitbit Versa 2 Health and Fitness Smartwatch with Heart Rate, Music, Alexa Built-In, Sleep and Swim Tracking, Black/Carbon, One Size (S and L Bands Included)"
B07MVZZV3G,Titre non trouvé
B08F6GPQQ7,"Ring Floodlight Cam Wired Plus (newest model), Outdoor home or business security with motion-activated 1080p HD video and floodlights, White"
B085WSCTS4,"Amazon eero 6 mesh wifi system - Supports internet plans up to 500 Mbps, Coverage up to 4,500 sq. ft., Connect 75+ devices, 3-pack (1 router + 2 extenders)"
B074JT3698,"ROVE R2-4K Dash Cam Built-in WiFi 6 GPS Car Dashboard Camera Recorder with UHD 2160P, 2.4"" IPS Screen, 150° Wide Angle, WDR, Night Vision"
B085TC9N3K,"5ft Power Strip, SUPERDANNY Surge Protector 900 Joules, 4-Outlet 4-USB Extension Cord, Overload Switch, Grounded, Mountable, Desktop Charging Station for Home, Office, School, Dorm, Computer, Black"
B08J65DST5,"2020 Apple iPad (10.2-inch, Wi-Fi, 32GB) - Space Gray (8th Generation)"
B08F6L6HVP,"Amazon Fire HD 10 tablet, 10.1"", 1080p Full HD, 32 GB, (2021 release), Olive"
B08YSYKBLV,Echo Dot (4th Gen) with Clock | Twilight Blue with Sengled Bluetooth Color bulb | Alexa smart home starter kit
B08ZN7QCRP,Titre non trouvé
B07F981R8M,"TCL 32-inch 1080p Roku Smart LED TV - 32S327, 2019 Model"
B08YMBQJ49,"Ring Alarm 14-Piece Kit (newest model), Wireless smart home or business security system, expandable, easy setup, Mobile App Control, 24/7 Professional Monitoring, Alexa Compatible"
B07CCGBB7M,"Outlet Extender USB Wall Charger - POWRUI 6 AC Surge Protector Outlets with 3 USB Ports (1 USB C) and Night Light, 3-Sided Multi Plug Wall Outlet Power Strip with Spaced Outlets, ETL Listed, Black"
B07GPFDL1K,"Delamu Cord Hider, 157in Wire Covers for Cords on Wall, Premium Cable Hider Cord Covers for Wires, Cable Management Wire Hiders for TV, Cable Raceway Kit, W0.95 H0.55in, White"
B07N4DHFZM,Titre non trouvé
B07D25RSWX,Titre non trouvé
B08F6FYN6B,"Amazon Fire HD 10 Plus tablet, 10.1"", 1080p Full HD, 32 GB, (2021 release), Slate"
B001E1Y5O6,Titre non trouvé
B08BNVQDWT,Titre non trouvé
B072M34RQC,"HP VH240a 23.8-inch Full HD 1080p IPS LED Monitor with Built-in Speakers and VESA Mounting, Rotating Portrait & Landscape, Tilt, and HDMI & VGA Ports (2DS80AA#ABA) - Black"
B01171X0UW,Titre non trouvé
B08J5Q255V,"2020 Apple iPad (10.2-inch, Wi-Fi, 32GB) - Silver (8th Generation)"
B0758L64L9,"Ring Spotlight Cam Battery HD Security Camera with Built Two-Way Talk and a Siren Alarm, Works with Alexa - White"
B08N5LNQCX,"2020 Apple MacBook Air Laptop: Apple M1 Chip, 13” Retina Display, 8GB RAM, 256GB SSD Storage, Backlit Keyboard, FaceTime HD Camera, Touch ID. Works with iPhone/iPad; Space Gray"
B079RKX5ZL,"GE 6-Outlet Surge Protector, 10 Ft Extension Cord, Power Strip, 600 Joules, Twist-to-Close Safety Covers, Protected Indicator Light, UL Listed, Black, 37442"
B08F58MXQG,Titre non trouvé
B08DHDS4T3,"TCL 43-inch 4K UHD Smart LED TV - 43S435, 2021 Model"
B095NWYQBC,"Wyze Cam Spotlight, Wyze Cam v3 Security Camera with Spotlight Kit, 1080p HD Security Camera with Two-Way Audio and Siren, IP65 Weatherproof, Compatible with Alexa and Google Assistant"
B086VRY8GZ,"INSIGNIA NS-43DF710NA21 43-inch Smart 4K UHD - Fire TV, Released 2020"
B071FXZBMV,"OHill 16-Pack Black Cord Organizer - Adhesive Cable Clips Holder for Desk, Wall, Car - Wire Management Clips for iPhone Charger, USB, Computer Cables -Cord Keepers with Strong Sticky Backing"
B07FKR6KXF,"Fire 7 tablet, 7"" display, 16 GB, (2019 release), Black"
B084J4KNDS,Echo Dot (4th Gen) | Smart speaker with Alexa | Glacier White
B08F6B347L,"Amazon Fire HD 10 tablet, 10.1"", 1080p Full HD, 32 GB, (2021 release), Lavender"
B087RKKXM5,Addtam USB Wall Charger Surge Protector 5 Outlet Extender with 4 USB Charging Ports (1 USB C Outlet) 3 Sided 1800J Power Strip Multi Plug Outlets Wall Adapter Spaced for Home Travel Office ETL Listed
B07PF1Y28C,"Echo Show 8 (1st Gen, 2019 release) -- HD smart display with Alexa – Unlimited Cloud Photo Storage – Digital Photo Display - Charcoal"
B08DFCWVZ4,"Fitbit Sense Advanced Smartwatch with Tools for Heart Health, Stress Management & Skin Temperature Trends, Carbon/Graphite, One Size (S & L Bands Included)"
B086VRR9K9,Titre non trouvé
B07KGVB6D6,"Fire TV Cube, Hands-free streaming device with Alexa, 4K Ultra HD, includes Alexa Voice Remote"
B081RJ8DW1,"Gskyer Telescope, 70mm Aperture 400mm AZ Mount Astronomical Refracting Telescope for Kids Beginners - Travel Telescope with Carry Bag, Phone Adapter and Wireless Remote."
B08YKGZF7P,"HP Chromebook 14 Laptop, Intel Celeron N4000 Processor, 4 GB RAM, 32 GB eMMC, 14” HD Display, Chrome, Lightweight Computer with Webcam and Dual Mics, Home, School, Music, Movies (14a-na0021nr, 2021)"
B08ZN8JP3G,Titre non trouvé
B07HZJ64WD,"Echo Show 5 (1st Gen, 2019 release) -- Smart display with Alexa – stay connected with video calling - Sandstone"
B0148NNKTC,Acer 23.8” Full HD 1920 x 1080 IPS Zero Frame Home Office Computer Monitor - 178° Wide View Angle - 16.7M - NTSC 72% Color Gamut - Low Blue Light - Tilt Compatible - VGA HDMI DVI R240HY bidx
B086DKGCFP,"Blink Outdoor (3rd Gen) – wireless, weather-resistant HD security camera with two-year battery life and motion detection, set up in minutes – 5 camera system"
B08F6DWKQP,"Ring Floodlight Cam Wired Plus (newest model), Outdoor home or business security with motion-activated 1080p HD video and floodlights, Black"
B07978J597,Kindle (2019 release) - With a Built-in Front Light - Black
B07WGL828F,"Fire HD 8 tablet, 8"" HD display, 32 GB, (2020 release), designed for portable entertainment, Plum"
B08R6S1M1K,"Wall Charger, Surge Protector, QINLIANF 5 Outlet Extender with 4 USB Charging Ports (4.8A Total) 3-Sided 1680J Power Strip Multi Plug Adapter Spaced for Home Travel Office (3U1C)"
B084DCJKSL,"Echo Show 8 (2nd Gen, 2021 release) | HD smart display with Alexa and 13 MP camera | Charcoal"
B07TWFVDWT,"Fitbit Versa 2 Health and Fitness Smartwatch with Heart Rate, Music, Alexa Built-In, Sleep and Swim Tracking, Black/Carbon, One Size (S and L Bands Included)"
B07MVZZV3G,Titre non trouvé
B08F6GPQQ7,"Ring Floodlight Cam Wired Plus (newest model), Outdoor home or business security with motion-activated 1080p HD video and floodlights, White"
B085WSCTS4,"Amazon eero 6 mesh wifi system - Supports internet plans up to 500 Mbps, Coverage up to 4,500 sq. ft., Connect 75+ devices, 3-pack (1 router + 2 extenders)"
B074JT3698,"ROVE R2-4K Dash Cam Built-in WiFi 6 GPS Car Dashboard Camera Recorder with UHD 2160P, 2.4"" IPS Screen, 150° Wide Angle, WDR, Night Vision"
B085TC9N3K,"5ft Power Strip, SUPERDANNY Surge Protector 900 Joules, 4-Outlet 4-USB Extension Cord, Overload Switch, Grounded, Mountable, Desktop Charging Station for Home, Office, School, Dorm, Computer, Black"
B08J65DST5,"2020 Apple iPad (10.2-inch, Wi-Fi, 32GB) - Space Gray (8th Generation)"
B08F6L6HVP,"Amazon Fire HD 10 tablet, 10.1"", 1080p Full HD, 32 GB, (2021 release), Olive"
B08YSYKBLV,Echo Dot (4th Gen) with Clock | Twilight Blue with Sengled Bluetooth Color bulb | Alexa smart home starter kit
B08ZN7QCRP,Titre non trouvé
B07F981R8M,"TCL 32-inch 1080p Roku Smart LED TV - 32S327, 2019 Model"
B08YMBQJ49,"Ring Alarm 14-Piece Kit (newest model), Wireless smart home or business security system, expandable, easy setup, Mobile App Control, 24/7 Professional Monitoring, Alexa Compatible"
B07CCGBB7M,"Outlet Extender USB Wall Charger - POWRUI 6 AC Surge Protector Outlets with 3 USB Ports (1 USB C) and Night Light, 3-Sided Multi Plug Wall Outlet Power Strip with Spaced Outlets, ETL Listed, Black"
B07GPFDL1K,"Delamu Cord Hider, 157in Wire Covers for Cords on Wall, Premium Cable Hider Cord Covers for Wires, Cable Management Wire Hiders for TV, Cable Raceway Kit, W0.95 H0.55in, White"
B07N4DHFZM,"Tracki GPS Tracker for Vehicles – Real-Time 4G LTE Assets & Car Tracking Device with App, Magnetic Mount, Compact Design, Worldwide Coverage – iOS & Android (Subscription Required)"
B07D25RSWX,Titre non trouvé
B08F6FYN6B,"Amazon Fire HD 10 Plus tablet, 10.1"", 1080p Full HD, 32 GB, (2021 release), Slate"
B001E1Y5O6,"VELCRO Brand ONE-WRAP Cable Ties, 100Pk, 8 x 1/2"" Black Cord Organization Straps, Thin Pre-Cut Design, Wire Management for Organizing Home, Office and Data Centers"
B08BNVQDWT,Titre non trouvé
B072M34RQC,"HP VH240a 23.8-inch Full HD 1080p IPS LED Monitor with Built-in Speakers and VESA Mounting, Rotating Portrait & Landscape, Tilt, and HDMI & VGA Ports (2DS80AA#ABA) - Black"
B01171X0UW,NEEWER 50 in 1 Action Camera Accessory Kit Compatible with GoPro Hero 12 11 10 9 DJI OSMO 4 3 2 Insta360 X3 X2 GO 3 SJCAM DBPOWER AKASO VicTsing APEMAN WiMiUS QUMOX Lightdow Campark Sony Sports DV
B08J5Q255V,"2020 Apple iPad (10.2-inch, Wi-Fi, 32GB) - Silver (8th Generation)"
B0758L64L9,"Ring Spotlight Cam Battery HD Security Camera with Built Two-Way Talk and a Siren Alarm, Works with Alexa - White"
B08N5LNQCX,"2020 Apple MacBook Air Laptop: Apple M1 Chip, 13” Retina Display, 8GB RAM, 256GB SSD Storage, Backlit Keyboard, FaceTime HD Camera, Touch ID. Works with iPhone/iPad; Space Gray"
B079RKX5ZL,"GE 6-Outlet Surge Protector, 10 Ft Extension Cord, Power Strip, 600 Joules, Twist-to-Close Safety Covers, Protected Indicator Light, UL Listed, Black, 37442"
B08F58MXQG,Titre non trouvé
B08DHDS4T3,"TCL 43-inch 4K UHD Smart LED TV - 43S435, 2021 Model"
B07LF27WBQ,"baleaf Women's 8""/ 5""/ 3"" Biker Shorts High Waist Yoga Workout Gym Running Volleyball Spandex Shorts with Pockets"
B07X1QPRYQ,Crocs Women's Classic Marbled Tie-dye Clogs
B0749FWLTP,VIFUUR Water Sports Shoes Barefoot Quick-Dry Aqua Yoga Socks Slip-on for Men Women
B004DNVP8G,Kanu Surf Mens Barracuda Swim Trunks (Regular & Extended Sizes)
B077ZKF9ZN,"Gildan Men's Crew T-Shirts, Multipack, Style G1100"
B08FBL9RML,"Fruit of the Loom Men's Coolzone Boxer Briefs, Moisture Wicking & Breathable, Assorted Color Multipacks"
B0888P5DWX,Crocs Classic Clogs Boys Shoes
B07FSDTB22,Under Armour Men's Tech 2.0 Short-Sleeve T-Shirt
B07611Y7NN,"Gildan Adult Ultra Cotton T-Shirt, Style G2000, Multipack"
B009CTUHOY,Titre non trouvé
B07CV7NGSP,FUNKYMONKEY Women's Comfort Slides Double Buckle Adjustable Plastics Flat Sandals
B07TSCZV2P,Lemedy Women Padded Sports Bra Fitness Workout Running Shirts Yoga Tank Top
B00XKYM3WQ,Wrangler Authentics Men’s Premium Twill Cargo Short
B07CJWMX3C,Amazon Essentials Womens Cotton Bikini Brief Underwear (Available in Plus Size)
B08LQRKGPP,"Sunzel Cropped Tank Tops for Women Without Pad Camisole Sports Bra for Yoga Workout Black, XS"
B071S6GZ1K,adidas Men's Adilette Shower Slide Sandal
B01N6YAVNM,"Dickies Men's Dri-Tech Original Moisture Control Crew Socks, Available in M-XXL (6, 12, 18 Pairs)"
B083SG6BDQ,maamgic Mens Swim Trunks Quick Dry Swim Shorts with Mesh Lining Funny Swimwear Bathing Suits 7inch
B08RBHL3HW,Wrangler Authentics Men's Classic Cargo Stretch Short
B082PN4WNT,SUUKSESS Women Wrap Bikini Set Push Up High Waisted 2 Piece Swimsuits
B07Q7YR68X,Titre non trouvé
B0719SF8JT,"Amazon Essentials Men's Athletic Basketball Gym,Performance Tech Loose-Fit Training Shorts, Pack of 2"
B07MF93X2Q,Hey Dude Men's Wally Sox Funk Loafer
B095KCDVGV,BTFBM Women Summer Dresses 2025 Fall Sleeveless Tank Crew Neck Casual Ruched Bodycon Party Club Beach Short Mini Dress
B08KVSQ9FL,"Blooming Jelly Women's Quick-Dry Running Shorts Workout Sport Layer Active Shorts with Pockets 1.75"""
B08JPHW2MZ,"Saucony Men's RunDry Mesh Ventilating Comfort Fit Performance No-Show Socks, Available in M-XXL (6, 12, 18 Pairs)"
B08F2NKCTZ,"Fruit of the Loom Men's Crew Tee Undershirts, Moisture Wicking & Tag Free, Also Available in Big & Tall"
B000HTILV4,Levi's Men's 505 Regular Fit Jeans (Also Available in Big & Tall)
B071WLRPXT,Simple Joys by Carter's Baby-Boys Swimsuit Trunk and Rashguard Set
B079VSQWRP,Titre non trouvé
B0848Q5PWZ,CUSHIONAIRE Women's Luna Cork Footbed Sandal With +Comfort
B01I21GQH4,"Hanes Women’s Stretch Jersey Bike Shorts, Women’s Cotton Sports Shorts, 7"" Inseam"
B07VPFWNNZ,LouKeith Womens Tank Top Racerback Halter Tops Sleeveless Shirts Spaghetti Strap Camisole Casual Summer Basic Blouses
B08B3GH4K4,XIEERDUO Women's V Neck Lace Tank Tops Summer Casual Sleeveless Shirts Tops Side Split
B08K4NCYYJ,V-Neck Sports Bras for Women - Wirefree Padded Yoga Bra Running Workout Aesthetic Crop Tank Tops
B07KL1WLG6,Fruit of The Loom Women's Multi-Pack Tank Top Style Sports Bra
B07FNK1DM5,WateLves Womens and Mens Kids Water Shoes Barefoot Quick-Dry Aqua Socks for Beach Swim Surf Yoga Exercise
B07RRGWMYJ,Titre non trouvé
B01FSCQ1IY,Calvin Klein Womens Modern Cotton Unlined Wireless Bralette
B083K3W6VD,INTO THE AM Mens T Shirt with Logo - Short Sleeve Crew Neck Soft Fitted Tees S - 4XL Fresh Classic Basic Tshirts
B016YKKS1U,"Hanes Women’s Slub Knit Full-Zip Hoodie, Textured Cotton Zip-Up T-Shirt Hoodie for Women"
B00TS733CS,Hey Dude Men's Wally Stretch | Men's Loafers | Comfortable & Light-Weight
B071R1XTGS,"Hanes Sport Men's Long-Sleeve T-Shirt Pack, Cool DRI Moisture-Wicking Performance T-Shirts, Performance Tee, 2-Pack"
B07PWNL9X2,Under Armour mens Under Armour Men's Ignite Vi Graphic Strap Slide SandalSlide Sandal
B016YKIBHS,"Hanes Women's Jersey Pocket Shorts, Drawstring Cotton Jersey Shorts, 7"" Inseam"
B07YXL5HQ4,Under Armour Mens Tech Graphic Shorts
B07HHVCYVJ,Hilor Women's Tummy Control Swimsuits Slimming One Piece Bathing Suits Front Crossover Swimwear
B07JCJMPVN,Gildan Men's A-Shirts Tanks Multipack
B06XYYS12C,Lanzom Women Wide Brim Straw Panama Roll up Hat Fedora Beach Sun Hat UPF50+
B076831CCJ,"Gildan Adult Ultra Cotton Long Sleeve T-Shirt, Style G2400, Multipack"
B0897VN3F2,Ekouaer Swimsuit Cover Up Plus Size Swimsuit Cover Ups Women Army Green
B083Q4V52T,RUUHEE Women Criss Cross High Waisted String Floral Printed 2 Piece Bathing Suits
B0834WSVKK,MEROKEETY Women's 2026 Summer Casual Dress Short Sleeve Crewneck Striped Tie Waist Work Trendy T Shirt Dresses
B071JDWV4R,"Hanes mens Zip-up Hoodie, Ecosmart Fleece Full-zip Hoodie for Men, Hooded Sweatshirt"
B08S34FZKM,Titre non trouvé
B07DY9HLZ8,LAGSHIAN Women's Sexy Bodycon Tank Dress Sleeveless Basic Midi Club Dresses
B00KRYLG7U,"Hanes Women's Perfect-T Crewneck T-Shirt, Lightweight Cotton Short Sleeve Tee for Women"
B085H738HS,"Dickies Men's Dri-Tech Moisture Control Quarter Socks, Available in M-XXL (6, 12, 18 Pairs)"
B086KXKXKW,"Hanes Men's Tank Top Undershirt Pack, Moisture-Wicking Cotton Ribbed Tanks for Men, Multi-Pack, White or Black/Gray"
B07Q8QXSL8,CUPSHE Women's Ruffled One Piece Swimsuit V Neck Lace Up
B082X4F15R,Womens T Shirts Short Sleeve Crewneck Tees Plain Workout Tops Loose Fit
B01IR5KOGE,Levi's Men's 501 Original Fit Jeans (Also Available in Big & Tall)
B0848Q2226,CUSHIONAIRE Lane Cork Footbed Sandals for Women – Comfortable Double Buckle Slip-On with Genuine Suede Footbed & Arch Support Slides for Women Footwear
B0872DGGBX,Under Armour Men's New Freedom BFL T-Shirt
B083FX3XQ5,REORIA Butsmooth® Women’s Basic Sexy Sleeveless Racer Back Halter Neck Bodysuit Tank Tops
B01E6D2NA6,Made By Johnny Women's Kimono Style Short Sleeve Dolman Cardigan - Lightweight Open Front Summer Cover-Up
B077ZL67P2,"Gildan Men's V-Neck T-Shirts, Multipack, Style G1103"
B07FF4VHV9,Relipop Women's Modern/Fitted
B0101BQV2I,YIANNA Women's Underbust Latex Sport Girdle Waist Trainer Corsets Hourglass Body Shaper
B07SV3K1H5,Tempt Me Women Two Piece Swimsuit High Waisted Bikini Halter Vintage Retro Bathing Suit Push up Swimwear
B08XW4QX52,VICHYIE Women Tank Tops Summer Sleeveless Basic Cami Top Shirt Slim Knit Ribbed Racerback Blouses
B0151E6OUO,Hanes Men's Jersey Pocket Short
B0885Y3J97,Holipick Two Piece Tankini Swimsuits for Women Tummy Control Bathing Suits High Neck Tankini Tops with Bikini Bottom
B00AKSCZ2S,"Champion Mens 9"" Lounge Shorts, Standard Fit, Lightweight, Available in Regular and Big & Tall"
B07TT11TXZ,Centipede Demon Kids Water Shoes Girls Boys Outdoor Quick Dry Barefoot Aqua Socks for Sport Beach Swim Pool Surf
B08CNG9Y52,Clarks Women's Breeze Sea Flip-Flop
B07DC2GRJ7,Hilor Women's One Piece Swimsuit One Shoulder Ruffle Tummy Control Bathing Suit Modest Slimming Swimwear Flattering Monokini
B08D98BDT5,"Sunzel No Front Seam Biker Shorts for Women with Pockets, Yoga Workout Gym Bike Shorts with Tummy Control"
B07RQSTQR9,2 Pieces Sarong Coverups for Women Bathing Suit Wrap Swimsuit Skirt Beach Bikini Cover up Swimwear Chiffon
B0878FM5F7,UMYOGO Women's Running Shoes Non Slip Athletic Tennis Walking Blade Type Sneakers
B073WLZFHP,Simple Joys by Carter's Baby-Boys 6-Pack Short-Sleeve Bodysuit
B07L4CTP75,PRETTYGARDEN Jumpsuits for Women 2025 Dressy Casual Off Shoulder Romper Outfits Spring Vacation Travel Summer Lounge Clothes
B00PI5FFJS,Unionbay Men's Cordova Belted Messenger Cargo Short - Reg and Big and Tall Sizes
B07T5DTPHL,Titre non trouvé
B07XL82ZCP,wernies No Show Socks Women Low Socks Non Slip Flat Boat Line 4/8 Pairs
B08L8Y43C4,"M MOOHAM Dainty Initial Necklaces for Women, 14K-Gold-Plated Layering Necklace for Women Cute Hexagon Letter Initial Necklace Layered Necklaces for Teenage Teen Girls Christmas Gifts Stocking Stuffers"
B07ZD22HKW,RXRXCOCO Women V Neck One Piece Swimsuits Tummy Control Ruched Swimwear Halter Bathing Suit
B085NRF1FR,MakeMeChic Women's Summer Crop Top Solid Short Sleeve Twist Front Tee T-Shirt
B086QN7BBQ,"Saucony Women's RunDry Performance Heel Tab Athletic Socks, Available in S-L (8, 16, 24 Pairs)"
B06XWNQGD4,Amazon Essentials Men's Regular-Fit Quick-Dry Golf Polo Shirt - Discontinued Colors
B082R61V9K,luvamia Women Casual High Waisted Denim Shorts Frayed Raw Hem Ripped Jeans Shorts
B089NLB7BH,ANLUKE Water Shoes Barefoot Aqua Yoga Socks Quick-Dry Beach Swim Surf Shoes for Women Men
B08B186P6J,THE GYM PEOPLE Womens' Sports Bra Longline Wirefree Padded with Medium Support
B00GFIV5YQ,Kanu Surf Boys Short Sleeve UPF 50+ Rashguard Swim Shirt
B07R29C46G,"voenxe Seamless Women Underwear Thongs,No Show Ladies Thong,No Line Workout Breathable Comfortable Panties,Soft Undies,5-Pack"
B07FN2DPK9,maamgic Boys Swim Trunks Toddler Swim Shorts Little Boys Bathing Suit Swimsuit Toddler Boy Swimwear
B0831FLG95,Womens Summer Tops Short Sleeve V Neck Tshirts with Pocket
B07DWYJMGQ,Women's Floral Print Puff Sleeve Kimono Cardigan Loose Cover Up Casual Blouse Tops
B07FT8XLFS,YALOX Water Shoes Women's Men's Outdoor Beach Swimming Aqua Socks Quick-Dry Barefoot Shoes Surfing Yoga Pool Exercise
B07WNS1ZRY,Hanes mens Mesh Pocket Short
B00IX1I3G6,Amazon Gift Card Balance Reload
B07TMNGSN4,Titre non trouvé
B004LLIKVU,Amazon eGift Card - (Instant Email or Text Delivery)
B07PCMWTSG,Amazon eGift Card - (Instant Email or Text Delivery)
B08F3C99KN,"Apple Gift Card - App Store, iTunes, iPhone, iPad, AirPods, MacBook, accessories and more (eGift)"
B06WVJBLBQ,Amazon.com Gift Card in a Mini Envelope (General)
B07WYVVM9G,Titre non trouvé
B07TMNH4N1,Titre non trouvé
B01FIS88SY,Amazon eGift Card - Bright Balloons (Animated)
B086FNYH28,Titre non trouvé
B06ZY43PDR,Titre non trouvé
B074T91QTZ,Titre non trouvé
B01K8RMDO0,Titre non trouvé
B072F9T6VX,Amazon.com Gift Card in a Reveal (Various Designs)
B08ZKYS7XT,Amazon eGift Card - Celebration - (Instant Email or Text Delivery)
B07MB4HN9X,Amazon eGift Card - Celebration - (Instant Email or Text Delivery)
B094Q7RNLV,Amazon eGift Card - Appreciation - (Instant Email or Text Delivery)
B01N9GY4GF,Titre non trouvé
B01C9MW8Z6,Amazon.com Gift Card in a Birthday Cupcake Tin
B07J4JGMD9,Titre non trouvé
B01N5TMK8I,Visa $50 Gift Card (plus $4.95 Purchase Fee)
B07MP6B4Y5,Amazon eGift Card - Appreciation - (Instant Email or Text Delivery)
B07TLL1H7F,Titre non trouvé
B07WYVVY2Z,Titre non trouvé
B00BWDH368,Titre non trouvé
B07P76HM3B,Amazon Printable Gift Card
B077T9WSSN,Amazon.com Gift Card in a Mini Envelope (General)
B07GH7JZ91,$100 Mastercard Gift Card (plus $5.95 Purchase Fee)
B08F3BV69X,"Apple Gift Card - App Store, iTunes, iPhone, iPad, AirPods, MacBook, accessories and more (eGift)"
B08F6WL18F,Titre non trouvé
B0866RXCBJ,Titre non trouvé
B07HJD9FVV,Visa $200 Gift Card (plus $6.95 Purchase Fee)
B07Y93TM8M,Titre non trouvé
B094Q23VHC,Titre non trouvé
B01IE42ST4,Titre non trouvé
B07C68264W,Titre non trouvé
B071Z6YP6N,Titre non trouvé
B08ZKWS7CK,Titre non trouvé
B07DDC8FJM,Amazon.com Gift Card in a Premium Gift Box
B06WVJBVT4,Titre non trouvé
B07X1HK6GC,Amazon eGift Card - Happy Happy Birthday
B08CYVQ9BK,Titre non trouvé
B00BWDH3VS,Titre non trouvé
B07ZDX292M,DoorDash eGift Card
B0145WHDQ2,Titre non trouvé
B079YMX2J6,Uber eGift Card
B01K8RL9C2,Amazon.com Gift Card in a Reveal (Various Designs)
B01MQSSHFD,Titre non trouvé
B07WYVVSKB,Titre non trouvé
B07HJHK8Y5,Visa $25 Gift Card (plus $3.95 Purchase Fee)
B07C5VV4PD,Titre non trouvé
B086FJV9H7,Titre non trouvé
B079YNCBX2,Uber eGift Card
B06XWXTWXT,Titre non trouvé
B07MRNVRRX,Titre non trouvé
B06XHFWJYM,Titre non trouvé
B078J21W75,Netflix eGift Card
B07TKKBG5S,Titre non trouvé
B00BXLVFAO,Petco Gift Card $25
B086FN63NM,Amazon eGift Card - Appreciation - (Instant Email or Text Delivery)
B08PQ64VFJ,Titre non trouvé
B01FIS7AU6,Titre non trouvé
B07CLMP15H,Amazon eGift Card - Any Occasion - (Instant Email or Text Delivery)
B08GLWV2BM,Titre non trouvé
B07RTN4C77,Best Buy eGift Card
B01N4AO7PO,Titre non trouvé
B07Y93PHLP,Titre non trouvé
B07C6C1SN3,Titre non trouvé
B0078EPRVS,Lowe's Physical Gift Card - $50
B0763VZ9Z7,Amazon.com Gift Card in a Yellow Swirl Box
B094QLGN13,Titre non trouvé
B07ZSB9QYL,Starbucks eGift Card
B07X3LSNMQ,Titre non trouvé
B01M1NWI42,Titre non trouvé
B07TMN8CQ6,Titre non trouvé
B07TNQSH4J,Amazon Printable Gift Card
B01H5PPQYM,Lowe's eGift Card
B08DXXS6Q7,Titre non trouvé
B06W5SBSL7,Amazon.com Gift Card in a Mini Envelope (General)
B07MDR5TG9,Titre non trouvé
B07J54KYP1,Titre non trouvé
B01C9MW6MQ,Amazon Physical Gift Card in a Gift Box
B08MW92TWD,Lyft e-gift card - Enjoy the Ride
B01MSBQB1P,Visa $100 Gift Card (plus $5.95 Purchase Fee)
B07Y92XFRD,Amazon.com Gift Card in a Mini Envelope (Thank You)
B01JQSONCC,Amazon.com Gift Card in a Reveal (Various Designs)
B00AR51Y5I,Starbucks Gift Card $25
B07CG4DYNH,Titre non trouvé
B07WPQTXYQ,Titre non trouvé
B07736Q4GC,Amazon.com Gift Card in a Greeting Card (Various Designs)
B07RNNFLNT,Titre non trouvé
B07GFQ5B44,$200 Mastercard Gift Card (plus $6.95 Purchase Fee)
B016PARZEC,Old Navy $50 Gift Card
B07D3P511R,Titre non trouvé
B06X6HSVDY,Amazon eGift Card - Congratulations Bouquet
B06ZYZ1TKK,Amazon.com Gift Card in a Premium Gift Box
B07YQL38L7,Titre non trouvé
B07MDQHZ7W,Titre non trouvé
B06ZY44YG4,Amazon.com Gift Card in a Premium Gift Box
B01LX3U0H6,Titre non trouvé
375813659,Titre non trouvé
1501171348,The Last Thing He Told Me: A Novel
143127748,Titre non trouvé
1524798657,Malibu Rising: A Read with Jenna Pick: A Novel
525559477,Titre non trouvé
735211299,Titre non trouvé
1878424319,The Four Agreements: A Practical Guide to Personal Freedom
1501110365,It Ends with Us: A Novel
1501161938,The Seven Husbands of Evelyn Hugo: A Novel
399226907,Titre non trouvé
374300216,Titre non trouvé
140280197,Titre non trouvé
1641526270,"My First Learn-to-Write Workbook: Practice for Kids with Pen Control, Line Tracing, Letters, and More!"
735219109,Titre non trouvé
1400217075,"Dude Perfect 101 Tricks, Tips, and Cool Stuff"
1984806750,People We Meet on Vacation
1612680178,Rich Dad Poor Dad: What the Rich Teach Their Kids About Money That the Poor and Middle Class Do Not!
1589255518,I Love You to the Moon and Back
316540714,Titre non trouvé
62060627,Titre non trouvé
62315005,Titre non trouvé
1250178606,The Four Winds: A Novel
528023780,Titre non trouvé
761189602,Titre non trouvé
1601429649,Get Out of Your Head: Stopping the Spiral of Toxic Thoughts
1984806734,Beach Read
593135202,Titre non trouvé
62976583,Titre non trouvé
B094TCDJWC,Delish Loves Disney: An Insider's Guide to the World's Most Magical Treats
1984801252,Untamed: Reese's Book Club
080241270X,The 5 Love Languages: The Secret to Love that Lasts
62457802,Titre non trouvé
1501128035,The Unhoneymooners
1623159911,Crystals for Beginners: The Guide to Get Started with the Healing Power of Crystals
1647397294,"Self-Love Workbook for Women: Release Self-Doubt, Build Self-Compassion, and Embrace Who You Are (Self-Love for Women)"
316420085,Titre non trouvé
1250304458,The Maidens: A Novel
805047905,Titre non trouvé
1791392792,Verity
679805273,Titre non trouvé
159285849X,The Gifts of Imperfection: Let Go of Who You Think You're Supposed to Be and Embrace Who You Are
399240462,Titre non trouvé
1684510821,"Speechless: Controlling Words, Controlling Minds"
9387779262,My First Library: Boxset of 10 Board Books for Kids
B095GD5SQM,Cooking with Grandma Gina
451524934,Titre non trouvé
593139135,Titre non trouvé
1684511801,Fault Lines: The Social Justice Movement and Evangelicalism's Looming Catastrophe
761187480,Titre non trouvé
593230256,Titre non trouvé
671027034,Titre non trouvé
1524798649,Daisy Jones & The Six: Reese's Book Club: A Novel
1338233580,Scholastic Flash Cards: Sight Words
1338680455,Dog Man: Mothering Heights: A Graphic Novel (Dog Man #10): From the Creator of Captain Underpants (10)
62457713,Titre non trouvé
807014273,Titre non trouvé
345816021,Titre non trouvé
1250080401,The Nightingale: A Novel
1982160136,The Other Black Girl: A Novel
1623158281,Chakra Healing: A Beginner's Guide to Self-Healing Techniques that Balance the Chakras
1611806860,Letters to a Young Poet: A New Translation and Commentary
593137310,Titre non trouvé
1484707230,Percy Jackson and the Olympians 5 Book Paperback Boxed Set (w/poster)
920668372,Titre non trouvé
1623157900,Potty Training in 3 Days: The Step-by-Step Plan for a Clean Break from Dirty Diapers
125019623X,"The Shadow and Bone Trilogy Boxed Set: Shadow and Bone, Siege and Storm, Ruin and Rising"
593193318,Titre non trouvé
358423880,Titre non trouvé
1483815846,"Summer Bridge Activities 4th to 5th Grade Workbooks All Subjects, Activity Book With Math, Reading Comprehension, Science, Fitness, Social Studies, Writing Practice, and Flash Cards (Volume 6)"
1483815854,"Summer Bridge Activities 5th to 6th Grade Workbooks All Subjects, Activity Book With Math, Reading Comprehension, Science, Fitness, Social Studies, Writing Practice, and Flash Cards (Volume 7)"
B00GAC1D2G,$10 -PlayStation Store Gift Card [Digital Code]
B00F4CEHNK,$10 Xbox Gift Card [Digital Code]
B01LZNGPY3,$10 Nintendo eShop Gift Card [Digital Code]
B07RZ74VLR,"Roblox Digital Gift Card - 1,000 Robux [Includes Exclusive Virtual Item] [Digital Code]"
B08WW82716,Mario Golf: Super Rush - Nintendo Switch
B07RX6FBFR,"Roblox Digital Gift Card - 2,500 Robux [Includes Exclusive Virtual Item] [Digital Code]"
B017V6YVDC,PlayStation Plus: 1 Month Membership [Digital Code]
B00F4CEWOY,$20 Xbox Gift Card [Digital Code]
B094WL86N5,Titre non trouvé
B07TGNFVWV,"Xbox Game Pass Ultimate – 3 Month Membership – Xbox Series X|S, Xbox One, Windows, Cloud Gaming Devices [Digital Code]"
B07GBZ4Q68,"Logitech G502 HERO High Performance Wired Gaming Mouse, HERO 25K Sensor, 25,600 DPI, RGB, Adjustable Weights, 11 Buttons, On-Board Memory, PC/Mac"
B01H6GUCCQ,"BENGOO G9000 Stereo Gaming Headset for PS4 PC Xbox One PS5 Controller, Noise Cancelling Over Ear Headphones with Mic, LED Light, 7.1 Surround Sound, Soft Memory Earmuffs for Nintendo Xbox Series X|S"
B07GRM747Y,Titre non trouvé
B06Y42G518,PLAYERUNKNOWN'S BATTLEGROUNDS [Online Game Code]
B08F7PTF53,Titre non trouvé
B08DF248LD,Xbox Core Wireless Controller – Carbon Black
B08G9J44ZN,Xbox Microsoft Series S 512GB SSD Console - Includes Wireless Controller - Up to 120 frames per second - 10GB RAM 512GB SSD - Experience high dynamic range Velocity Architecture
B07RZ75JW3,"Roblox Digital Gift Card - 5,250 Robux [Includes Exclusive Virtual Item] [Digital Code]"
B07RLWTXKG,"MOVONE Wireless Controller Dual Vibration Game Joystick Controller for Ps4 Controller/Slim/Pro,Compatible with PS4 Console"
B01NAWKYZ0,Nintendo Switch Pro Controller
B01N3ASPNV,amFilm Tempered Glass Screen Protector for Nintendo Switch 2017 (2-Pack)
B08H75RTZ8,Xbox Series X - Gaming Console - 1TB SSD - Includes Wireless Controller - 4K Gaming - 120FPS - Carbon Black
B08FC5L3RG,PlayStation 5 Console
B08DFB488B,Titre non trouvé
B07F15CV12,Titre non trouvé
B08F7PTF54,Titre non trouvé
B010KYDNDG,Minecraft: Java Edition for PC/Mac [Online Game Code]
B08H9M7LDY,Super Mario 3D World + Bowser's Fury - US Version
B094WN6SY2,PlayStation DualSense Wireless Controller – Cosmic Red
B088GH4X9W,VALORANT $10 Gift Card - PC [Online Game Code]
B097B1149G,Metroid Dread - US Version
B07RMC5BRL,"Razer Kraken X Ultralight Gaming Headset: 7.1 Surround Sound - Lightweight Aluminum Frame - Bendable Cardioid Microphone - for PC, PS4, PS5, Switch, Xbox One, Xbox Series X|S, Mobile - Black"
B004RMK5QG,PlayStation Plus: 12 Month Membership [Digital Code]
B088GD5WD4,VALORANT $25 Gift Card - PC [Online Game Code]
B00NLZUM36,"Redragon S101-3 PRO Gaming Keyboard and Mouse, RGB Backlit Programmable Keyboard Mouse with Software, Independent Macro Record Keys, Value Combo Set, New Update Version"
B07VGRJDFY,Nintendo Switch with Neon Blue and Neon Red Joy‑Con
B084RPZD6T,Razer Viper Mini Ultralight Gaming Mouse: Fastest Gaming Switches - 8500 DPI Optical Sensor - Chroma RGB Underglow Lighting - 6 Programmable Buttons - Drag-Free Cord - Classic Black
B08ZNQN1FP,"Xbox Core Wireless Gaming Controller – Electric Volt Series X|S, One, Windows PC, Android, and iOS"
B07Y693ND1,Razer DeathAdder Essential Gaming Mouse: 6400 DPI Optical Sensor - 5 Programmable Buttons - Mechanical Switches - Rubber Side Grips - Mercury White
B01NAUKS62,Orzly Carry Case Compatible with Nintendo Switch and New Switch OLED Console - Black Protective Hard Portable Travel Carry Case Shell Pouch with Pockets for Accessories and Games
B08FC6C75Y,Titre non trouvé
B07X6CWM3G,"6amLifestyle PS4 Controller Charger Charging Cable, 2 Pack 10ft Extra Long Micro USB 2.0 Cable, Nylon Braided Cord, for PS4, PS4 Slim/Pro, Xbox One S/X Controller, Android Phones, Black+Blue"
B088CK6GP1,SCARLET NEXUS - PlayStation 5
B00Z0UWV98,"Logitech G920 Driving Force Racing Wheel and Floor Pedals, Real Force Feedback, Stainless Steel Paddle Shifters, Leather Steering Wheel Cover for Xbox Series X|S, Xbox One, PC, Mac - Black"
B07SFKTLZM,"Xbox Elite Series 2 Core Wireless Gaming Controller – Black – Xbox Series X|S, Xbox One, Windows PC, Android, and iOS"
B07DVFQ1SV,"YCCSKY Charger for Nintendo Switch,AC Adapter for Nintendo Swith - Fast Travel Wall Charger with 5FT USB C Cable 15V/2.6A Power Supply for Switch Supports TV Mode and Dock Station (Black)"
B01MY7GHKJ,Super Mario Odyssey - US Version
B07F7T8J9P,Razer Gaming Mouse (2018 Model) Classic Black
B07TFP7JFH,"Xbox Game Pass Ultimate – 1 Month Membership – Xbox Series X|S, Xbox One, Windows, Cloud Gaming Devices [Digital Code]"
B07SBX48TY,"PowerA Spectra Enhanced Illuminated Wired Controller for Xbox One, gamepad, video game, gaming controller, works with Xbox Series X|S"
B07SL6ZXBL,Titre non trouvé
B071WNWHZ7,Titre non trouvé
B07VNTFHD5,"WD_BLACK 5TB P10 Game Drive, Portable External Hard Drive, Works with Playstation, Xbox, & PC - WDBA3A0050BBK-WESN"
B004RMK57U,Playstation Plus 3-Month Membership [Digital Code]
B08ZNJBQKQ,"Xbox Wireless Controller – Daystrike Camo Special Edition for Xbox Series X|S, Xbox One, and Windows 10 Devices"
B08BSKT43L,Ghost of Tsushima - PlayStation 4
B08BRQKSMB,Just Dance 2021 - Nintendo Switch Standard Edition
B08M1V413G,The Sims 4 - Snowy Escape - Origin PC [Online Game Code]
B07CMS5Q6P,"Logitech G305 LIGHTSPEED Wireless Gaming Mouse, Hero 12K Sensor, 12,000 DPI, Lightweight, 6 Programmable Buttons, 250h Battery Life, On-Board Memory, PC/Mac - Black"
B08X8FDHFN,Tony Hawk Pro Skater 1+2 - Nintendo Switch Standard Edition
B07SR1FMMC,"Watch Dogs: Legion Xbox Series X|S, Xbox One Standard Edition [Digital Code]"
B082G5SPR5,Razer DeathAdder V2 Gaming Mouse: 20K DPI Optical Sensor - Fastest Gaming Mouse Switch - Chroma RGB Lighting - 8 Programmable Buttons - Rubberized Side Grips - Classic Black
B01FZ3BR5S,Titre non trouvé
B07SK4W1VJ,Luigi's Mansion 3 - US Version
B07DJY81FP,Titre non trouvé
B07DK13HKX,Fire Emblem: Three Houses
B07MRMHML9,"Logitech G432 Wired Gaming Headset, 7.1 Surround Sound, DTS Headphone:X 2.0, Flip-to-Mute Mic, PC (Leatherette) Black/Blue"
B00YXO5U40,"Turtle Beach Recon 50 Xbox Gaming Headset – Officially Licensed for Xbox Series X|S, Xbox One, and Windows PCs with 3.5mm – Also works with PS5, PS4, and Mobile Devices, Removable Mic, 40mm Speakers"
B016MAK38U,"Redragon K552 Mechanical Gaming Keyboard, 87-Key Compact, LED Gaming Keyboard with Red Switches, Anti-Ghosting, Metal Frame for PC Gaming & Typing, Beginner-Friendly (Black)"
B07XV4NHHN,Ring Fit Adventure - Nintendo Switch
B07GCKQD77,Logitech G Pro Wireless Gaming Mouse with Esports Grade Performance
B08BXHGPVB,NBA 2K21 - PlayStation 4
B08L9D5P1B,"BENGOO Gaming Headset Headphones with 7.1 Surround Sound for PS4 PS5 PC Xbox one Controller, Headsets with Noise Canceling Mic, USB Sound Card & Soft Memory Earmuffs for Mac Laptop Switch"
B07SG15148,The Legend of Zelda: Link's Awakening - Nintendo Switch
B08PBS4M26,Titre non trouvé
B07SQZ3GJG,Titre non trouvé
B07FZVXS8H,SteelSeries Arctis 7 - Lossless Wireless Gaming Headset with DTS Headphone: X v2.0 Surround - for PC and PlayStation 4 - Black
B08WJPJ1NC,Ratchet & Clank: Rift Apart Launch Edition - Playstation 5
B0795GHTBC,"ivoler [3 Pack] Screen Protector Tempered Glass for Nintendo Switch, iVoler Transparent HD Clear Anti-Scratch Screen Protector Compatible Nintendo Switch"
B01N1037CV,Mario Kart 8 Deluxe - US Version
B01ALLT2W4,"NPET K10 Wired Gaming Keyboard, LED Backlit, Spill-Resistant Design, Multimedia Keys, Quiet Silent USB Membrane Keyboard for Desktop, Computer, PC (Black)"
B08FC5TTBF,Demon's Souls - PlayStation 5
B01BCNZJ54,"KontrolFreek FPS Freek Galaxy White for PlayStation 4 (PS4) and PlayStation 5 (PS5) | Performance Thumbsticks | 1 High-Rise, 1 Mid-Rise | White"
B08CWL8X61,Titre non trouvé
B004VSTQ2A,Xbox Live Gold: 3 Month Membership [Digital Code]
B00O15486W,Titre non trouvé
B08FQG96RP,"Razer BlackShark V2 Pro Wireless Gaming Headset: THX 7.1 Spatial Surround Sound - 50mm Drivers - Detachable Mic - for PC, PS5, PS4, Switch, Black"
B07TC8J6HK,Jeecoo V20U USB Pro Gaming Headset for PC - 7.1 Surround Sound Headphones with Noise Cancelling Microphone- Memory Foam Ear Pads RGB Lights for Laptops
B089D4BNRY,Titre non trouvé
B01CDCG4KM,"Fosmon Fast Charging for Xbox Controller Charger Station for Xbox Series X | S, Xbox One, Elite w/ 2X 5280mWh Rechargeable Battery Packs, 4 Covers & Dock Stand"
B079XT422B,Titre non trouvé
B078GZM4H8,Titre non trouvé
B086VSVBBY,"Razer Kraken X Ultralight Gaming Headset: 7.1 Surround Sound Capable - Lightweight Frame - Integrated Audio Controls - Bendable Cardioid Microphone - for PC, PS4, Nintendo Switch - Mercury White"
B07YPBQSCK,Titre non trouvé
B07HCZ7LPW,Titre non trouvé
B07X6C9RMF,Titre non trouvé
B07Q3T177V,Titre non trouvé
B07DGR98VQ,"Wyze Cam 1080p Pan/Tilt/Zoom Wi-Fi Indoor Smart Home Camera with Night Vision, 2-Way Audio, Works with Alexa & the Google Assistant, White - WYZECP1"
B095NWYQBC,"Wyze Cam Spotlight, Wyze Cam v3 Security Camera with Spotlight Kit, 1080p HD Security Camera with Two-Way Audio and Siren, IP65 Weatherproof, Compatible with Alexa and Google Assistant"
B081RJ8DW1,Titre non trouvé
B0756BXDTX,Titre non trouvé
B07PJ67CKC,Titre non trouvé
B07GCKZKX8,Titre non trouvé
B07W1HKYQK,Titre non trouvé
B08FHS3W9X,Titre non trouvé
B01CW4AR9K,Titre non trouvé
B017SD8RWO,Titre non trouvé
B07Q1GHB5X,"Hontry Binoculars for Adults and Kids, 10x25 Compact Binoculars for Bird Watching, Theater and Concerts, Hunting and Sport Games"
B07X4BCRHB,"Blink Indoor - wireless, HD security camera with two-year battery life, motion detection, and two-way audio – 1 camera system"
B07QKXM2D3,"Wireless Security Camera, IP Camera 1080P HD Wansview, WiFi Home Indoor Camera for Baby/Pet/Nanny, Motion Detection, 2 Way Audio Night Vision, Compatible with Alexa, with TF Card Slot and Cloud"
B00WBJGUA2,Titre non trouvé
B07RM61WQ6,Titre non trouvé
B07VLXKZ33,Titre non trouvé
B0856W45VL,Titre non trouvé
B00X5TNSCA,"Carson MicroBrite Plus 60x-120x Power LED Lighted Pocket Microscope - Set of 4 (MM-300MU),Black/Grey"
B08PV15RGG,Titre non trouvé
B08KHCR1YF,Titre non trouvé
B08B5T3XL9,Titre non trouvé
B07RRDR4PQ,"Kasa Smart KC110 Dome Indoor Security Camera by TP-Link, 1080p HD Smart Home Pan/Tilt Camera with Night Vision, Motion Detection for Pet Baby Monitor, Works with Alexa & Google Home"
B08V5HLHN3,Titre non trouvé
B07G2YR23M,Titre non trouvé
B08644FKP1,Titre non trouvé
B08P4DZYGC,Titre non trouvé
B082WW1SWW,Titre non trouvé
B07R5YH7YN,Titre non trouvé
B089W4PKRW,Titre non trouvé
B08DLKPP6Y,Titre non trouvé
B08Z78WMGS,Titre non trouvé
B01CW49AGG,Titre non trouvé
B08J158TVV,Titre non trouvé
B07X1YLC2L,Titre non trouvé
B08GH9KL4M,Titre non trouvé
B08571VZ3Q,Titre non trouvé
B083T83YJQ,Titre non trouvé
B07KPSLPRW,Titre non trouvé
B001TI9Y2M,Titre non trouvé
B08CNFLLH5,Titre non trouvé
B08CXM6QNM,Titre non trouvé
B08JCHVZ11,Titre non trouvé
B07FCJNX46,Titre non trouvé
B08T7FQ9P1,Titre non trouvé
B07YB8HZ8T,Titre non trouvé
B08MTCWBR9,Titre non trouvé
B07V3M2DX9,Titre non trouvé
B01MQVXHUM,Titre non trouvé
B078WMVBXD,Titre non trouvé
B083HZTN8W,Titre non trouvé
B08DXD8LSR,Titre non trouvé
B086QXHQ77,Titre non trouvé
B07XP1619N,Titre non trouvé
B08F4YT84C,Titre non trouvé
B01CW4BVU4,Titre non trouvé
B07W6PXRR8,Titre non trouvé
B08PFCYVP6,Titre non trouvé
B07PM2NBGT,Titre non trouvé
B092RXFP4F,"Wyze 24/7 Recording DIY Home Security System, Indoor/Outdoor, AI Person Detection, Color Night Vision, Compatible with Alexa, Up to 7 Days of Rolling Security Footage, 1 Camera + 1 SD Card Kit"
B086V5H1YQ,Titre non trouvé
B07GF4JCDY,"Adorrgon 12x42 HD Binoculars for Adults High Powered with Phone Adapter, Tripod and Tripod Adapter - Large View Binoculars with Clear Low Light Vision - Binocular for Bird Watching Cruise Travel"
B08SQGYHJ7,Titre non trouvé
B01CW4CR4I,Titre non trouvé
B08FMM86JN,Titre non trouvé
B08JB4LZ19,Titre non trouvé
B08V4NP5LT,Titre non trouvé
B07X81M2D2,Titre non trouvé
B08R8BGDM5,Titre non trouvé
B08RC11JLL,Titre non trouvé
B07PHLG4C2,Titre non trouvé
B082Y6PHKR,Titre non trouvé
B08GG6FCLT,Titre non trouvé
B07PVMRZQH,Titre non trouvé
B01CW4AZDS,Titre non trouvé
B08S36GM4B,Titre non trouvé
B08TC5RGSX,Titre non trouvé
B086VJN8RC,Titre non trouvé
B08K8W68BX,Titre non trouvé
B0868LH58W,Titre non trouvé
B07B8XTS3Z,Titre non trouvé
B07J224T84,Titre non trouvé
B00B73JOC4,Titre non trouvé
B06WD843ZM,"Jiusion 40 to 1000x Magnification Endoscope, 8 LED USB 2.0 Digital Microscope, Mini Camera with OTG Adapter Metal Stand, Compatible with Mac Windows 7 8 10 11 Android Linux Chrome Not for iPhone/iPad"
B08F3CVP38,Titre non trouvé
B07GB2T125,Titre non trouvé
B08L3KS4FN,Titre non trouvé
B07GYXYWQF,Titre non trouvé
B08F4YKCBR,"LaView Security Cameras for Home + 2X 32GB SD Cards, PT Home Security Camera System with Motion Detection, Two-Way Audio, Night Vision, Indoor WiFi Camera for Baby/pet, Alexa, USA Cloud Service"
B0875Q5GVQ,Titre non trouvé
B08CVPYCPR,Titre non trouvé
B07MYYV9K1,Titre non trouvé
B089DDXV1W,Titre non trouvé
B07LFWD71T,Titre non trouvé
B06XT7M6P5,Titre non trouvé
B082KWD94W,"ieGeek Security Cameras Wireless Outdoor, 2K Solar Camera Security Outdoor with Spotlight & Siren, AI Detection Wireless Cameras for Home Security, 3MP Color Night Vision/2-Way Talk/Works with Alexa"
B08PFDP55G,Titre non trouvé
B0829WGK49,Titre non trouvé
B08R5LZYDW,Titre non trouvé
B01CETEZ78,Titre non trouvé
B0982B1F1J,Titre non trouvé
B07R2CNSTK,Titre non trouvé
B010TQY7A8,Titre non trouvé
B07H4YQF3Q,Titre non trouvé
B07CRSXMW8,Titre non trouvé
B085KTQKNC,Titre non trouvé
B083VRT815,"LAYCOL Baby Swimming Float Inflatable Baby Pool Float Ring with Sun Protection Canopy,add Tail no flip Over for Age of 3-36 Months"
B00DW1JT5G,Titre non trouvé
B07MWPMZXN,Titre non trouvé
B00PKNO7LK,Titre non trouvé
B07P6MZPK3,Titre non trouvé
B00JM5GW10,Titre non trouvé
B018HB2QFU,Titre non trouvé
B001CJVTLC,Titre non trouvé
B097ZMX6ZC,Titre non trouvé
B00005C5H4,Titre non trouvé
B00000IV35,Titre non trouvé
B083GQD7FB,Titre non trouvé
B0721MB4L6,Titre non trouvé
B071FLSWBS,Titre non trouvé
B07W7FLKRW,Titre non trouvé
B07NXDJ52C,"Sassy Stacks of Circles Stacking Ring STEM Learning Toy, Age 6+ Months, Multi, 9 Piece Set"
B012A7R7I8,Titre non trouvé
B019592A6I,"Crayola Ultra Clean Fine Line Washable Markers (40ct), Colored Markers for Kids, Fine Tip, Coloring Book Art Supplies, Gifts for Kids, Ages 3, 4, 5"
B07MBW6JNL,Titre non trouvé
B09138R2XM,Titre non trouvé
B00N1QPNMA,Titre non trouvé
B07B6NP36Q,Titre non trouvé
B083ZZSGLR,Titre non trouvé
B078VVLQ6J,Titre non trouvé
B0836WRWFY,Titre non trouvé
B00D8STBHY,Titre non trouvé
B07D4T2XKB,Titre non trouvé
B06XV1LW52,Titre non trouvé
B004S8F7QM,Titre non trouvé
B08CVSNRRG,Titre non trouvé
B009CAPYR8,Titre non trouvé
B00BTX5926,Titre non trouvé
B00ABA0ZOA,Titre non trouvé
B08SLZ712T,"2 Packs Pop Fidget Sensory Toys, Autism Special Needs Stress Relief Silicone Pressure Relieving, Round and Square Squeeze Toys for Kids Children Adults (Set of 2)"
B07H331J4R,"Lydaz Bubble Lawn Mower for Toddlers 1-3, Kids Bubble Machine for 1-Year-Old Boys Toy Gifts, Kids Christmas Birthday Gifts, Push Summer Outdoor Garden Toys for Preschool Baby Boys Age 1 2 3"
B08KGV5MZD,Titre non trouvé
B07GTDRNKD,Titre non trouvé
B08TVWR4C6,Titre non trouvé
B004INDQWY,Titre non trouvé
B01DGIKD68,Titre non trouvé
B01C5A2WJO,Titre non trouvé
B097ZZCJFX,Titre non trouvé
B07PHCWJ9W,"SupMLC Mesh Extra Large Beach Bags and Totes - Holds Toys, Towels, Sand Away - For Children's Toys, Market, Grocery, Picnic"
B07Y29TRQY,Titre non trouvé
B000KI111Y,Titre non trouvé
B00PYLU3GG,Titre non trouvé
B0796JVBJ8,Titre non trouvé
B007YCMCIA,Titre non trouvé
B071CKSMS7,Titre non trouvé
B08PW4GGZN,Titre non trouvé
B097CJZ9TL,Titre non trouvé
B097H17CVQ,Titre non trouvé
B07SXLYQ6S,Titre non trouvé
B08KRKY9BQ,Titre non trouvé
B00YTWEMUO,Titre non trouvé
B08FNW7QDB,Titre non trouvé
B08PN3D63S,Titre non trouvé
B08TLVJQRZ,Titre non trouvé
B00000IVAK,Titre non trouvé
B00U26V4VQ,Titre non trouvé
B01IXYY172,Titre non trouvé
B01MG2163Y,Titre non trouvé
B0812LQ8GW,Titre non trouvé
B07YQMVKY6,Titre non trouvé
B091TL7CCP,Titre non trouvé
B087ZTH98B,Titre non trouvé
B07PWDYF5J,Titre non trouvé
B07BMLS2BT,Titre non trouvé
B001MY20X8,Titre non trouvé
B07Z5BRRF7,Titre non trouvé
B086CBQD2M,Titre non trouvé
B093KXBQL4,Titre non trouvé
B084TRQCVX,Titre non trouvé
B094H9X2VV,Titre non trouvé
B0922WX37L,Titre non trouvé
B07PTSZ43T,Titre non trouvé
B07MYTBV6N,Titre non trouvé
B07P6RFKRL,Titre non trouvé
B00000DMF5,Titre non trouvé
B01BX4G6FY,ThinkFun Circuit Maze Game - Brain-Boosting STEM Toy | Teaches Circuitry Through Engaging Gameplay | Toy of The Year Finalist | Ideal for Boys and Girls Age 8 and Up
B00006RVTS,Titre non trouvé
B08XN821N5,Titre non trouvé
B00000IZJB,Titre non trouvé
B007DW6F34,Titre non trouvé
B01N16VX79,SwimWays Baby Spring Float Activity Center with Canopy - Blue/Orange Lobster
B09197N995,Titre non trouvé
B015CCR1FW,Titre non trouvé
B07TS96J7Q,Titre non trouvé
