ASIN,Titre,Statut
B071FXZBMV,"OHill 16-Pack Black Cord Organizer - Adhesive Cable Clips Holder for Desk, Wall, Car - Wire Management Clips for iPhone Charger, USB, Computer Cables -Cord Keepers with Strong Sticky Backing",success
B07FKR6KXF,"Fire 7 tablet, 7"" display, 16 GB, (2019 release), Black",success
B084J4KNDS,Echo Dot (4th Gen) | Smart speaker with Alexa | Glacier White,success
B08F6B347L,"Amazon Fire HD 10 tablet, 10.1"", 1080p Full HD, 32 GB, (2021 release), Lavender",success
B087RKKXM5,Titre non trouvé,not_found
B07PF1Y28C,"Echo Show 8 (1st Gen, 2019 release) -- HD smart display with Alexa – Unlimited Cloud Photo Storage – Digital Photo Display - Charcoal",success
B08DFCWVZ4,"Fitbit Sense Advanced Smartwatch with Tools for Heart Health, Stress Management & Skin Temperature Trends, Carbon/Graphite, One Size (S & L Bands Included)",success
B086VRR9K9,Titre non trouvé,not_found
B07KGVB6D6,Titre non trouvé,not_found
B081RJ8DW1,Titre non trouvé,not_found
B08YKGZF7P,"HP Chromebook 14 Laptop, Intel Celeron N4000 Processor, 4 GB RAM, 32 GB eMMC, 14” HD Display, Chrome, Lightweight Computer with Webcam and Dual Mics, Home, School, Music, Movies (14a-na0021nr, 2021)",success
B08ZN8JP3G,HTTP 404,error
B07HZJ64WD,"Echo Show 5 (1st Gen, 2019 release) -- Smart display with Alexa – stay connected with video calling - Sandstone",success
B0148NNKTC,Titre non trouvé,not_found
B086DKGCFP,"Blink Outdoor (3rd Gen) – wireless, weather-resistant HD security camera with two-year battery life and motion detection, set up in minutes – 5 camera system",success
B08F6DWKQP,"Ring Floodlight Cam Wired Plus (newest model), Outdoor home or business security with motion-activated 1080p HD video and floodlights, Black",success
B07978J597,Kindle (2019 release) - With a Built-in Front Light - Black,success
B07WGL828F,"Fire HD 8 tablet, 8"" HD display, 32 GB, (2020 release), designed for portable entertainment, Plum",success
B08R6S1M1K,"Wall Charger, Surge Protector, QINLIANF 5 Outlet Extender with 4 USB Charging Ports (4.8A Total) 3-Sided 1680J Power Strip Multi Plug Adapter Spaced for Home Travel Office (3U1C)",success
B084DCJKSL,Titre non trouvé,not_found
B07TWFVDWT,"Fitbit Versa 2 Health and Fitness Smartwatch with Heart Rate, Music, Alexa Built-In, Sleep and Swim Tracking, Black/Carbon, One Size (S and L Bands Included)",success
B07MVZZV3G,HTTP 404,error
B08F6GPQQ7,Titre non trouvé,not_found
B085WSCTS4,Titre non trouvé,not_found
B074JT3698,"ROVE R2-4K Dash Cam Built-in WiFi 6 GPS Car Dashboard Camera Recorder with UHD 2160P, 2.4"" IPS Screen, 150° Wide Angle, WDR, Night Vision",success
B085TC9N3K,"5ft Power Strip, SUPERDANNY Surge Protector 900 Joules, 4-Outlet 4-USB Extension Cord, Overload Switch, Grounded, Mountable, Desktop Charging Station for Home, Office, School, Dorm, Computer, Black",success
B08J65DST5,"2020 Apple iPad (10.2-inch, Wi-Fi, 32GB) - Space Gray (8th Generation)",success
B08F6L6HVP,Titre non trouvé,not_found
B08YSYKBLV,Echo Dot (4th Gen) with Clock | Twilight Blue with Sengled Bluetooth Color bulb | Alexa smart home starter kit,success
B08ZN7QCRP,HTTP 404,error
B07F981R8M,"TCL 32-inch 1080p Roku Smart LED TV - 32S327, 2019 Model",success
B08YMBQJ49,Titre non trouvé,not_found
B07CCGBB7M,Titre non trouvé,not_found
B07GPFDL1K,"Delamu Cord Hider, 157in Wire Covers for Cords on Wall, Premium Cable Hider Cord Covers for Wires, Cable Management Wire Hiders for TV, Cable Raceway Kit, W0.95 H0.55in, White",success
B07N4DHFZM,"Tracki GPS Tracker for Vehicles – Real-Time 4G LTE Assets & Car Tracking Device with App, Magnetic Mount, Compact Design, Worldwide Coverage – iOS & Android (Subscription Required)",success
B07D25RSWX,HTTP 404,error
B08F6FYN6B,"Amazon Fire HD 10 Plus tablet, 10.1"", 1080p Full HD, 32 GB, (2021 release), Slate",success
B001E1Y5O6,Titre non trouvé,not_found
B08BNVQDWT,HTTP 404,error
B072M34RQC,"HP VH240a 23.8-inch Full HD 1080p IPS LED Monitor with Built-in Speakers and VESA Mounting, Rotating Portrait & Landscape, Tilt, and HDMI & VGA Ports (2DS80AA#ABA) - Black",success
B01171X0UW,NEEWER 50 in 1 Action Camera Accessory Kit Compatible with GoPro Hero 12 11 10 9 DJI OSMO 4 3 2 Insta360 X3 X2 GO 3 SJCAM DBPOWER AKASO VicTsing APEMAN WiMiUS QUMOX Lightdow Campark Sony Sports DV,success
B08J5Q255V,Titre non trouvé,not_found
B0758L64L9,"Ring Spotlight Cam Battery HD Security Camera with Built Two-Way Talk and a Siren Alarm, Works with Alexa - White",success
B08N5LNQCX,Titre non trouvé,not_found
B079RKX5ZL,"GE 6-Outlet Surge Protector, 10 Ft Extension Cord, Power Strip, 600 Joules, Twist-to-Close Safety Covers, Protected Indicator Light, UL Listed, Black, 37442",success
B08F58MXQG,HTTP 404,error
B08DHDS4T3,"TCL 43-inch 4K UHD Smart LED TV - 43S435, 2021 Model",success
B07LF27WBQ,"baleaf Women's 8""/ 5""/ 3"" Biker Shorts High Waist Yoga Workout Gym Running Volleyball Spandex Shorts with Pockets",success
B07X1QPRYQ,Crocs Women's Classic Marbled Tie-dye Clogs,success
B0749FWLTP,VIFUUR Water Sports Shoes Barefoot Quick-Dry Aqua Yoga Socks Slip-on for Men Women,success
B086VRY8GZ,"INSIGNIA NS-43DF710NA21 43-inch Smart 4K UHD - Fire TV, Released 2020",success
B071FXZBMV,Titre non trouvé,not_found
B07FKR6KXF,"Fire 7 tablet, 7"" display, 16 GB, (2019 release), Black",success
B084J4KNDS,Echo Dot (4th Gen) | Smart speaker with Alexa | Glacier White,success
B08F6B347L,Titre non trouvé,not_found
B087RKKXM5,Addtam USB Wall Charger Surge Protector 5 Outlet Extender with 4 USB Charging Ports (1 USB C Outlet) 3 Sided 1800J Power Strip Multi Plug Outlets Wall Adapter Spaced for Home Travel Office ETL Listed,success
B07PF1Y28C,"Echo Show 8 (1st Gen, 2019 release) -- HD smart display with Alexa – Unlimited Cloud Photo Storage – Digital Photo Display - Charcoal",success
B08DFCWVZ4,"Fitbit Sense Advanced Smartwatch with Tools for Heart Health, Stress Management & Skin Temperature Trends, Carbon/Graphite, One Size (S & L Bands Included)",success
B086VRR9K9,HTTP 404,error
B07KGVB6D6,"Fire TV Cube, Hands-free streaming device with Alexa, 4K Ultra HD, includes Alexa Voice Remote",success
B081RJ8DW1,"Gskyer Telescope, 70mm Aperture 400mm AZ Mount Astronomical Refracting Telescope for Kids Beginners - Travel Telescope with Carry Bag, Phone Adapter and Wireless Remote.",success
B08YKGZF7P,"HP Chromebook 14 Laptop, Intel Celeron N4000 Processor, 4 GB RAM, 32 GB eMMC, 14” HD Display, Chrome, Lightweight Computer with Webcam and Dual Mics, Home, School, Music, Movies (14a-na0021nr, 2021)",success
B08ZN8JP3G,HTTP 404,error
B07HZJ64WD,"Echo Show 5 (1st Gen, 2019 release) -- Smart display with Alexa – stay connected with video calling - Sandstone",success
B0148NNKTC,Acer 23.8” Full HD 1920 x 1080 IPS Zero Frame Home Office Computer Monitor - 178° Wide View Angle - 16.7M - NTSC 72% Color Gamut - Low Blue Light - Tilt Compatible - VGA HDMI DVI R240HY bidx,success
B086DKGCFP,"Blink Outdoor (3rd Gen) – wireless, weather-resistant HD security camera with two-year battery life and motion detection, set up in minutes – 5 camera system",success
B08F6DWKQP,"Ring Floodlight Cam Wired Plus (newest model), Outdoor home or business security with motion-activated 1080p HD video and floodlights, Black",success
B07978J597,Kindle (2019 release) - With a Built-in Front Light - Black,success
B07WGL828F,"Fire HD 8 tablet, 8"" HD display, 32 GB, (2020 release), designed for portable entertainment, Plum",success
B08R6S1M1K,"Wall Charger, Surge Protector, QINLIANF 5 Outlet Extender with 4 USB Charging Ports (4.8A Total) 3-Sided 1680J Power Strip Multi Plug Adapter Spaced for Home Travel Office (3U1C)",success
B084DCJKSL,"Echo Show 8 (2nd Gen, 2021 release) | HD smart display with Alexa and 13 MP camera | Charcoal",success
B07TWFVDWT,"Fitbit Versa 2 Health and Fitness Smartwatch with Heart Rate, Music, Alexa Built-In, Sleep and Swim Tracking, Black/Carbon, One Size (S and L Bands Included)",success
B07MVZZV3G,HTTP 404,error
B08F6GPQQ7,"Ring Floodlight Cam Wired Plus (newest model), Outdoor home or business security with motion-activated 1080p HD video and floodlights, White",success
B085WSCTS4,"Amazon eero 6 mesh wifi system - Supports internet plans up to 500 Mbps, Coverage up to 4,500 sq. ft., Connect 75+ devices, 3-pack (1 router + 2 extenders)",success
B074JT3698,"ROVE R2-4K Dash Cam Built-in WiFi 6 GPS Car Dashboard Camera Recorder with UHD 2160P, 2.4"" IPS Screen, 150° Wide Angle, WDR, Night Vision",success
B085TC9N3K,"5ft Power Strip, SUPERDANNY Surge Protector 900 Joules, 4-Outlet 4-USB Extension Cord, Overload Switch, Grounded, Mountable, Desktop Charging Station for Home, Office, School, Dorm, Computer, Black",success
B08J65DST5,Titre non trouvé,not_found
B08F6L6HVP,"Amazon Fire HD 10 tablet, 10.1"", 1080p Full HD, 32 GB, (2021 release), Olive",success
B08YSYKBLV,Echo Dot (4th Gen) with Clock | Twilight Blue with Sengled Bluetooth Color bulb | Alexa smart home starter kit,success
B08ZN7QCRP,Titre non trouvé,not_found
B07F981R8M,"TCL 32-inch 1080p Roku Smart LED TV - 32S327, 2019 Model",success
B08YMBQJ49,"Ring Alarm 14-Piece Kit (newest model), Wireless smart home or business security system, expandable, easy setup, Mobile App Control, 24/7 Professional Monitoring, Alexa Compatible",success
B07CCGBB7M,"USB Wall Charger, Surge Protector, POWRUI 6-Outlet Extender with 3 USB Charging Ports (1 USB C) and Night Light, 3-Sided Power Strip with Adapter Spaced Outlets - White，ETL Listed, Gray",success
B07GPFDL1K,Titre non trouvé,not_found
B07N4DHFZM,"Tracki GPS Tracker for Vehicles – Real-Time 4G LTE Assets & Car Tracking Device with App, Magnetic Mount, Compact Design, Worldwide Coverage – iOS & Android (Subscription Required)",success
B07D25RSWX,HTTP 404,error
B08F6FYN6B,"Amazon Fire HD 10 Plus tablet, 10.1"", 1080p Full HD, 32 GB, (2021 release), Slate",success
B001E1Y5O6,"VELCRO Brand ONE-WRAP Cable Ties, 100Pk, 8 x 1/2"" Black Cord Organization Straps, Thin Pre-Cut Design, Wire Management for Organizing Home, Office and Data Centers",success
B08BNVQDWT,HTTP 404,error
B072M34RQC,"HP VH240a 23.8-inch Full HD 1080p IPS LED Monitor with Built-in Speakers and VESA Mounting, Rotating Portrait & Landscape, Tilt, and HDMI & VGA Ports (2DS80AA#ABA) - Black",success
B01171X0UW,NEEWER 50 in 1 Action Camera Accessory Kit Compatible with GoPro Hero 12 11 10 9 DJI OSMO 4 3 2 Insta360 X3 X2 GO 3 SJCAM DBPOWER AKASO VicTsing APEMAN WiMiUS QUMOX Lightdow Campark Sony Sports DV,success
B08J5Q255V,"2020 Apple iPad (10.2-inch, Wi-Fi, 32GB) - Silver (8th Generation)",success
B0758L64L9,"Ring Spotlight Cam Battery HD Security Camera with Built Two-Way Talk and a Siren Alarm, Works with Alexa - White",success
B08N5LNQCX,"2020 Apple MacBook Air Laptop: Apple M1 Chip, 13” Retina Display, 8GB RAM, 256GB SSD Storage, Backlit Keyboard, FaceTime HD Camera, Touch ID. Works with iPhone/iPad; Space Gray",success
B079RKX5ZL,"GE 6-Outlet Surge Protector, 10 Ft Extension Cord, Power Strip, 600 Joules, Twist-to-Close Safety Covers, Protected Indicator Light, UL Listed, Black, 37442",success
B08F58MXQG,HTTP 404,error
B08DHDS4T3,"TCL 43-inch 4K UHD Smart LED TV - 43S435, 2021 Model",success
B095NWYQBC,"Wyze Cam Spotlight, Wyze Cam v3 Security Camera with Spotlight Kit, 1080p HD Security Camera with Two-Way Audio and Siren, IP65 Weatherproof, Compatible with Alexa and Google Assistant",success
B086VRY8GZ,"INSIGNIA NS-43DF710NA21 43-inch Smart 4K UHD - Fire TV, Released 2020",success
B079QHML21,Fire TV Stick 4K streaming device with Alexa Voice Remote (includes TV controls) | Dolby Vision,success
B07FZ8S74R,"Echo Dot (3rd Gen, 2018 release) - Smart speaker with Alexa - Charcoal",success
B07XJ8C8F5,"Echo Dot (4th Gen, 2020 release) | Smart speaker with Alexa | Charcoal",success
B07WVFCVJN,"Roku Express | HD Roku Streaming Device with Simple Remote (no TV controls), Free & Live TV",success
B08YT2N5SX,Echo Dot (4th Gen) | Charcoal with Sengled Bluetooth Color bulb | Alexa smart home starter kit,success
B07TMJ1R3X,"Fire HD 8 tablet, 8"" HD display, 32 GB, (2020 release), designed for portable entertainment, Black",success
B07X6C9RMF,"Blink Mini - Compact indoor plug-in smart security camera, 1080p HD video, night vision, motion detection, two-way audio, easy set up, Works with Alexa – 1 camera (White)",success
B08BX7FV5L,"Amazon Fire HD 10 tablet, 10.1"", 1080p Full HD, 32 GB, (2021 release), Black",success
B075XLWML4,Roku Streaming Stick+ | HD/4K/HDR Streaming Device with Long-range Wireless and Roku Voice Remote with TV Controls,success
B089DR29T6,Titre non trouvé,not_found
B07WDDT3G5,"Fire HD 8 Kids tablet, 8"" HD display, ages 3-7, 32 GB, includes a 1-year subscription to Amazon Kids+ content, Blue Kid-Proof Case, (2020 release)",success
B086DKSHQ4,"Blink Outdoor (3rd Gen) - wireless, weather-resistant HD security camera, two-year battery life, motion detection, set up in minutes – 3 camera system",success
B08YSYKH19,Echo Dot (4th Gen) | Twilight Blue with Sengled Bluetooth Color bulb | Alexa smart home starter kit,success
B084J4MZK8,Echo Dot (4th Gen) | Smart speaker with Alexa | Twilight Blue,success
B07HZLHPKP,"Echo Show 5 (1st Gen, 2019 release) -- Smart display with Alexa – stay connected with video calling - Charcoal",success
B07CXG6C9W,Kindle Paperwhite – (previous generation - 2018 release) Waterproof with 2x the Storage – Ad-Supported,success
B07VTK654B,Echo Auto (1st gen) - Hands-free Alexa in your car with your phone,success
B00EB4ADQW,"FUJIFILM Instax Mini Instant Film Twin Pack (White), 20 Photos",success
B07W95GZNH,Echo Dot (3rd Gen) - Smart speaker with Alexa - Plum,success
B07FPP6TB5,Titre non trouvé,not_found
B07WQ1VH72,"Fire HD 8 tablet, 8"" HD display, 32 GB, (2020 release), designed for portable entertainment, Twilight Blue",success
B086DL32R3,"Blink Outdoor (3rd Gen) - wireless, weather-resistant HD security camera, two-year battery life, motion detection, set up in minutes – 2 camera system",success
B07Q3T177V,HTTP 404,error
B00BWF5U0M,Titre non trouvé,not_found
B086DKSYTS,"Blink Outdoor (3rd Gen) - wireless, weather-resistant HD security camera, two-year battery life, motion detection, set up in minutes – 1 camera system",success
B08G9TJWW9,"Roku Ultra | Streaming Device HD/4K/HDR/Dolby Vision with Dolby Atmos, Bluetooth Streaming, and Roku Voice Remote with Headphone Jack and Personal Shortcuts, includes Premium HDMI® Cable",success
B01FXC7JWQ,Titre non trouvé,not_found
B07DGR98VQ,"Wyze Cam 1080p Pan/Tilt/Zoom Wi-Fi Indoor Smart Home Camera with Night Vision, 2-Way Audio, Works with Alexa & the Google Assistant, White - WYZECP1",success
B07XKF5RM3,"Amazon Echo (newest model), Alexa speaker with premium sound, Ideal for large bedrooms, living rooms and kitchens, Charcoal",success
B08KY684PB,"COMSOON Bluetooth Receiver for Car, Noise Cancelling 3.5mm AUX Bluetooth Car Adapter, Wireless Audio Receiver for Home Stereo/Wired Headphones, Hands-Free Call, 16H Battery Life - Black+Silver",success
B00DOMYL24,"GE Surge Protector Power Strip, 10 Ft Extension Cord, 6 Outlet Extender, 800 Joules, Flat Plug, Twist-to-Close Safety Covers, ETL Listed, White, 14092",success
B091N43KTX,Echo Dot (4th Gen) | Glacier White with Sengled Bluetooth Color bulb | Alexa smart home starter kit,success
B07CVL2D2S,"Acer 21.5 Inch Full HD (1920 x 1080) IPS Ultra-Thin Zero Frame Computer Monitor (HDMI & VGA Port), SB220Q bi",success
B0872FYTWS,"TOSHIBA 43LF421U21 43-inch Smart HD 1080p TV - Fire TV, Released 2020",success
B08ZN97SWW,Titre non trouvé,not_found
B079JD7F7G,"TP-Link Archer AC1750 WiFi Router - Dualband Gigabit, Qualcomm inside, Works with Alexa(A7), Black",success
B07WFLBX6Q,Titre non trouvé,not_found
B07H8WS1FT,"Fire 7 Kids tablet, 7"" Display, ages 3-7, 16 GB, (2019 release), Blue Kid-Proof Case",success
B086DKMSSM,"Blink Outdoor (3rd Gen) – wireless, weather-resistant HD security camera with two-year battery life and motion detection, set up in minutes – Add-on camera (Sync Module required)",success
B015IY34FA,"Fujifilm Mini Instant Film, 10 Sheets×5 Pack(Total 50 Shoots)",success
B07WJS3QDX,Titre non trouvé,not_found
B0874YZVWK,"INSIGNIA 24-inch Class F20 Series Smart HD 720p Fire TV (NS-24DF310NA21, 2020 Model)",success
B08F5LQCYP,"Amazon Fire HD 10 tablet, 10.1"", 1080p Full HD, 32 GB, (2021 release), Denim",success
B07X27VK3D,"Blink Mini - Compact indoor plug-in smart security camera, 1080p HD video, night vision, motion detection, two-way audio, easy set up, Works with Alexa – 2 cameras (White)",success
B07PS737QQ,Kindle Paperwhite – (previous generation - 2018 release) Waterproof with 2x the Storage – Ad-Supported,success
B08J61NFNR,"2020 Apple iPad (10.2-inch, Wi-Fi, 128GB) - Space Gray (8th Generation)",success
B0916TKFF2,Titre non trouvé,not_found
B086VR9J8Q,"TOSHIBA 43LF421U21 43-inch Smart HD 1080p TV - Fire TV, Released 2020",success
B07YGZL8XF,"LG 27GL83A-B 27-Inch Ultragear QHD 2560 x 1440 IPS Gaming Monitor, 144Hz, 1ms (GtG), NVIDIA G-SYNC, AMD FreeSync, HDR10, HDMI, DisplayPort, Tilt/Height/Pivot Adjustable Stand, Black",success
B095NWYQBC,"Wyze Cam Spotlight, Wyze Cam v3 Security Camera with Spotlight Kit, 1080p HD Security Camera with Two-Way Audio and Siren, IP65 Weatherproof, Compatible with Alexa and Google Assistant",success
B07PCMWTSG,Amazon eGift Card - (Instant Email or Text Delivery),success
B08F3C99KN,"Apple Gift Card - App Store, iTunes, iPhone, iPad, AirPods, MacBook, accessories and more (eGift)",success
B06WVJBLBQ,Titre non trouvé,not_found
B07WYVVM9G,HTTP 404,error
B07TMNH4N1,HTTP 404,error
B01FIS88SY,Amazon eGift Card - Bright Balloons (Animated),success
B086FNYH28,HTTP 404,error
B06ZY43PDR,HTTP 404,error
B074T91QTZ,HTTP 404,error
B01K8RMDO0,Titre non trouvé,not_found
B072F9T6VX,Amazon.com Gift Card in a Reveal (Various Designs),success
B08ZKYS7XT,Amazon eGift Card - Celebration - (Instant Email or Text Delivery),success
B07MB4HN9X,Amazon eGift Card - Celebration - (Instant Email or Text Delivery),success
B094Q7RNLV,Amazon eGift Card - Appreciation - (Instant Email or Text Delivery),success
B01N9GY4GF,HTTP 404,error
B01C9MW8Z6,Amazon.com Gift Card in a Birthday Cupcake Tin,success
B07J4JGMD9,HTTP 404,error
B01N5TMK8I,Visa $50 Gift Card (plus $4.95 Purchase Fee),success
B07MP6B4Y5,Titre non trouvé,not_found
B07TLL1H7F,HTTP 404,error
B07WYVVY2Z,HTTP 404,error
B00BWDH368,HTTP 404,error
B07P76HM3B,Amazon Printable Gift Card,success
B077T9WSSN,Amazon.com Gift Card in a Mini Envelope (General),success
B07GH7JZ91,Titre non trouvé,not_found
B08F3BV69X,"Apple Gift Card - App Store, iTunes, iPhone, iPad, AirPods, MacBook, accessories and more (eGift)",success
B08F6WL18F,HTTP 404,error
B0866RXCBJ,HTTP 404,error
B07HJD9FVV,Visa $200 Gift Card (plus $6.95 Purchase Fee),success
B07Y93TM8M,HTTP 404,error
B094Q23VHC,HTTP 404,error
B01IE42ST4,HTTP 404,error
B07C68264W,Titre non trouvé,not_found
B071Z6YP6N,HTTP 404,error
B08ZKWS7CK,Titre non trouvé,not_found
B07DDC8FJM,Amazon.com Gift Card in a Premium Gift Box,success
B06WVJBVT4,Titre non trouvé,not_found
B07X1HK6GC,Amazon eGift Card - Happy Happy Birthday,success
B08CYVQ9BK,HTTP 404,error
B00BWDH3VS,HTTP 404,error
B07ZDX292M,DoorDash eGift Card,success
B0145WHDQ2,HTTP 404,error
B079YMX2J6,Uber eGift Card,success
B01K8RL9C2,Amazon.com Gift Card in a Reveal (Various Designs),success
B01MQSSHFD,Titre non trouvé,not_found
B07WYVVSKB,HTTP 404,error
B07HJHK8Y5,Visa $25 Gift Card (plus $3.95 Purchase Fee),success
B07C5VV4PD,HTTP 404,error
B086FJV9H7,HTTP 404,error
B079YNCBX2,Uber eGift Card,success
B071JDWV4R,"Hanes mens Zip-up Hoodie, Ecosmart Fleece Full-zip Hoodie for Men, Hooded Sweatshirt",success
B08S34FZKM,Titre non trouvé,not_found
B07DY9HLZ8,LAGSHIAN Women's Sexy Bodycon Tank Dress Sleeveless Basic Midi Club Dresses,success
B00KRYLG7U,"Hanes Women's Perfect-T Crewneck T-Shirt, Lightweight Cotton Short Sleeve Tee for Women",success
B085H738HS,Titre non trouvé,not_found
B086KXKXKW,Titre non trouvé,not_found
B07Q8QXSL8,CUPSHE Women's Ruffled One Piece Swimsuit V Neck Lace Up,success
B082X4F15R,Womens T Shirts Short Sleeve Crewneck Tees Plain Workout Tops Loose Fit,success
B01IR5KOGE,Levi's Men's 501 Original Fit Jeans (Also Available in Big & Tall),success
B0848Q2226,CUSHIONAIRE Lane Cork Footbed Sandals for Women – Comfortable Double Buckle Slip-On with Genuine Suede Footbed & Arch Support Slides for Women Footwear,success
B0872DGGBX,Titre non trouvé,not_found
B083FX3XQ5,Titre non trouvé,not_found
B01E6D2NA6,Made By Johnny Women's Kimono Style Short Sleeve Dolman Cardigan - Lightweight Open Front Summer Cover-Up,success
B077ZL67P2,"Gildan Men's V-Neck T-Shirts, Multipack, Style G1103",success
B07FF4VHV9,Relipop Women's Modern/Fitted,success
B0101BQV2I,YIANNA Women's Underbust Latex Sport Girdle Waist Trainer Corsets Hourglass Body Shaper,success
B07SV3K1H5,Tempt Me Women Two Piece Swimsuit High Waisted Bikini Halter Vintage Retro Bathing Suit Push up Swimwear,success
B08XW4QX52,Titre non trouvé,not_found
B0151E6OUO,Hanes Men's Jersey Pocket Short,success
B0885Y3J97,Holipick Two Piece Tankini Swimsuits for Women Tummy Control Bathing Suits High Neck Tankini Tops with Bikini Bottom,success
B00AKSCZ2S,"Champion Mens 9"" Lounge Shorts, Standard Fit, Lightweight, Available in Regular and Big & Tall",success
B07TT11TXZ,Centipede Demon Kids Water Shoes Girls Boys Outdoor Quick Dry Barefoot Aqua Socks for Sport Beach Swim Pool Surf,success
B08CNG9Y52,Clarks Women's Breeze Sea Flip-Flop,success
B07DC2GRJ7,Hilor Women's One Piece Swimsuit One Shoulder Ruffle Tummy Control Bathing Suit Modest Slimming Swimwear Flattering Monokini,success
B08D98BDT5,Titre non trouvé,not_found
B07RQSTQR9,2 Pieces Sarong Coverups for Women Bathing Suit Wrap Swimsuit Skirt Beach Bikini Cover up Swimwear Chiffon,success
B0878FM5F7,UMYOGO Women's Running Shoes Non Slip Athletic Tennis Walking Blade Type Sneakers,success
B073WLZFHP,Simple Joys by Carter's Baby-Boys 6-Pack Short-Sleeve Bodysuit,success
B07L4CTP75,PRETTYGARDEN Jumpsuits for Women 2025 Dressy Casual Off Shoulder Romper Outfits Spring Vacation Travel Summer Lounge Clothes,success
B00PI5FFJS,Unionbay Men's Cordova Belted Messenger Cargo Short - Reg and Big and Tall Sizes,success
B07T5DTPHL,Sampeel womens Casual,success
B07XL82ZCP,wernies No Show Socks Women Low Socks Non Slip Flat Boat Line 4/8 Pairs,success
B08L8Y43C4,"M MOOHAM Dainty Initial Necklaces for Women, 14K-Gold-Plated Layering Necklace for Women Cute Hexagon Letter Initial Necklace Layered Necklaces for Teenage Teen Girls Christmas Gifts Stocking Stuffers",success
B07ZD22HKW,RXRXCOCO Women V Neck One Piece Swimsuits Tummy Control Ruched Swimwear Halter Bathing Suit,success
B085NRF1FR,MakeMeChic Women's Summer Crop Top Solid Short Sleeve Twist Front Tee T-Shirt,success
B086QN7BBQ,"Saucony Women's RunDry Performance Heel Tab Athletic Socks, Available in S-L (8, 16, 24 Pairs)",success
B06XWNQGD4,Titre non trouvé,not_found
B082R61V9K,Titre non trouvé,not_found
B089NLB7BH,ANLUKE Water Shoes Barefoot Aqua Yoga Socks Quick-Dry Beach Swim Surf Shoes for Women Men,success
B08B186P6J,THE GYM PEOPLE Womens' Sports Bra Longline Wirefree Padded with Medium Support,success
B00GFIV5YQ,Kanu Surf Boys Short Sleeve UPF 50+ Rashguard Swim Shirt,success
B07R29C46G,"voenxe Seamless Women Underwear Thongs,No Show Ladies Thong,No Line Workout Breathable Comfortable Panties,Soft Undies,5-Pack",success
B07FN2DPK9,maamgic Boys Swim Trunks Toddler Swim Shorts Little Boys Bathing Suit Swimsuit Toddler Boy Swimwear,success
B0831FLG95,Womens Summer Tops Short Sleeve V Neck Tshirts with Pocket,success
B07DWYJMGQ,Women's Floral Print Puff Sleeve Kimono Cardigan Loose Cover Up Casual Blouse Tops,success
B07FT8XLFS,YALOX Water Shoes Women's Men's Outdoor Beach Swimming Aqua Socks Quick-Dry Barefoot Shoes Surfing Yoga Pool Exercise,success
B07WNS1ZRY,Hanes mens Mesh Pocket Short,success
B00IX1I3G6,Amazon Gift Card Balance Reload,success
B07TMNGSN4,HTTP 404,error
B004LLIKVU,Amazon eGift Card - (Instant Email or Text Delivery),success
B004DNVP8G,Kanu Surf Mens Barracuda Swim Trunks (Regular & Extended Sizes),success
B077ZKF9ZN,Titre non trouvé,not_found
B08FBL9RML,"Fruit of the Loom Men's Coolzone Boxer Briefs, Moisture Wicking & Breathable, Assorted Color Multipacks",success
B0888P5DWX,Crocs Classic Clogs Boys Shoes,success
B07FSDTB22,Under Armour Men's Tech 2.0 Short-Sleeve T-Shirt,success
B07611Y7NN,"Gildan Adult Ultra Cotton T-Shirt, Style G2000, Multipack",success
B009CTUHOY,"Dockers Men's Perfect Short Classic Fit 10.5""",success
B07CV7NGSP,FUNKYMONKEY Women's Comfort Slides Double Buckle Adjustable Plastics Flat Sandals,success
B07TSCZV2P,Lemedy Women Padded Sports Bra Fitness Workout Running Shirts Yoga Tank Top,success
B00XKYM3WQ,Wrangler Authentics Men’s Premium Twill Cargo Short,success
B07CJWMX3C,Amazon Essentials Womens Cotton Bikini Brief Underwear (Available in Plus Size),success
B08LQRKGPP,"Sunzel Cropped Tank Tops for Women Without Pad Camisole Sports Bra for Yoga Workout Black, XS",success
B071S6GZ1K,adidas Men's Adilette Shower Slide Sandal,success
B01N6YAVNM,"Dickies Men's Dri-Tech Original Moisture Control Crew Socks, Available in M-XXL (6, 12, 18 Pairs)",success
B083SG6BDQ,maamgic Mens Swim Trunks Quick Dry Swim Shorts with Mesh Lining Funny Swimwear Bathing Suits 7inch,success
B08RBHL3HW,Titre non trouvé,not_found
B082PN4WNT,SUUKSESS Women Wrap Bikini Set Push Up High Waisted 2 Piece Swimsuits,success
B07Q7YR68X,Ekouaer Womens Beach Short Sarongs Chiffon Cover Ups Sheer Bikini Wraps for Swimwear Blue Tie Dye S,success
B0719SF8JT,Titre non trouvé,not_found
B07MF93X2Q,Hey Dude Men's Wally Sox Funk Loafer,success
B095KCDVGV,Titre non trouvé,not_found
B08KVSQ9FL,Titre non trouvé,not_found
B08JPHW2MZ,"Saucony Men's RunDry Mesh Ventilating Comfort Fit Performance No-Show Socks, Available in M-XXL (6, 12, 18 Pairs)",success
B08F2NKCTZ,"Fruit of the Loom Men's Crew Tee Undershirts, Moisture Wicking & Tag Free, Also Available in Big & Tall",success
B000HTILV4,Levi's Men's 505 Regular Fit Jeans (Also Available in Big & Tall),success
B071WLRPXT,Simple Joys by Carter's Baby-Boys Swimsuit Trunk and Rashguard Set,success
B079VSQWRP,Titre non trouvé,not_found
B0848Q5PWZ,CUSHIONAIRE Women's Luna Cork Footbed Sandal With +Comfort,success
B01I21GQH4,Titre non trouvé,not_found
B07VPFWNNZ,LouKeith Womens Tank Top Racerback Halter Tops Sleeveless Shirts Spaghetti Strap Camisole Casual Summer Basic Blouses,success
B08B3GH4K4,XIEERDUO Women's V Neck Lace Tank Tops Summer Casual Sleeveless Shirts Tops Side Split,success
B08K4NCYYJ,V-Neck Sports Bras for Women - Wirefree Padded Yoga Bra Running Workout Aesthetic Crop Tank Tops,success
B07KL1WLG6,Titre non trouvé,not_found
B07FNK1DM5,WateLves Womens and Mens Kids Water Shoes Barefoot Quick-Dry Aqua Socks for Beach Swim Surf Yoga Exercise,success
B07RRGWMYJ,HTTP 404,error
B01FSCQ1IY,Titre non trouvé,not_found
B083K3W6VD,INTO THE AM Mens T Shirt with Logo - Short Sleeve Crew Neck Soft Fitted Tees S - 4XL Fresh Classic Basic Tshirts,success
B016YKKS1U,"Hanes Women’s Slub Knit Full-Zip Hoodie, Textured Cotton Zip-Up T-Shirt Hoodie for Women",success
B00TS733CS,Hey Dude Men's Wally Stretch | Men's Loafers | Comfortable & Light-Weight,success
B071R1XTGS,"Hanes Sport Men's Long-Sleeve T-Shirt Pack, Cool DRI Moisture-Wicking Performance T-Shirts, Performance Tee, 2-Pack",success
B07PWNL9X2,Titre non trouvé,not_found
B016YKIBHS,"Hanes Women's Jersey Pocket Shorts, Drawstring Cotton Jersey Shorts, 7"" Inseam",success
B07YXL5HQ4,Under Armour Mens Tech Graphic Shorts,success
B07HHVCYVJ,Hilor Women's Tummy Control Swimsuits Slimming One Piece Bathing Suits Front Crossover Swimwear,success
B07JCJMPVN,Gildan Men's A-Shirts Tanks Multipack,success
B06XYYS12C,Lanzom Women Wide Brim Straw Panama Roll up Hat Fedora Beach Sun Hat UPF50+,success
B076831CCJ,"Gildan Adult Ultra Cotton Long Sleeve T-Shirt, Style G2400, Multipack",success
B0897VN3F2,Titre non trouvé,not_found
B083Q4V52T,RUUHEE Women Criss Cross High Waisted String Floral Printed 2 Piece Bathing Suits,success
B0834WSVKK,MEROKEETY Women's 2026 Summer Casual Dress Short Sleeve Crewneck Striped Tie Waist Work Trendy T Shirt Dresses,success
B06XWXTWXT,HTTP 404,error
B07MRNVRRX,HTTP 404,error
B06XHFWJYM,HTTP 404,error
B078J21W75,Netflix eGift Card,success
B07TKKBG5S,HTTP 404,error
B00BXLVFAO,Petco Gift Card $25,success
B086FN63NM,Titre non trouvé,not_found
B08PQ64VFJ,HTTP 404,error
B01FIS7AU6,HTTP 404,error
B07CLMP15H,Amazon eGift Card - Any Occasion - (Instant Email or Text Delivery),success
B08GLWV2BM,HTTP 404,error
B07RTN4C77,Best Buy eGift Card,success
B01N4AO7PO,Titre non trouvé,not_found
B07Y93PHLP,HTTP 404,error
B07C6C1SN3,HTTP 404,error
B0078EPRVS,Lowe's Physical Gift Card - $50,success
B0763VZ9Z7,Amazon.com Gift Card in a Yellow Swirl Box,success
B094QLGN13,HTTP 404,error
B07ZSB9QYL,Starbucks eGift Card,success
B07X3LSNMQ,HTTP 404,error
B01M1NWI42,HTTP 404,error
B07TMN8CQ6,HTTP 404,error
B07TNQSH4J,Amazon Printable Gift Card,success
B01H5PPQYM,Titre non trouvé,not_found
B08DXXS6Q7,HTTP 404,error
B06W5SBSL7,Amazon.com Gift Card in a Mini Envelope (General),success
B07MDR5TG9,HTTP 404,error
B07J54KYP1,HTTP 404,error
B01C9MW6MQ,Amazon Physical Gift Card in a Gift Box,success
B08MW92TWD,Lyft e-gift card - Enjoy the Ride,success
B01MSBQB1P,Titre non trouvé,not_found
B07Y92XFRD,Amazon.com Gift Card in a Mini Envelope (Thank You),success
B01JQSONCC,Amazon.com Gift Card in a Reveal (Various Designs),success
B00AR51Y5I,Starbucks Gift Card $25,success
B07CG4DYNH,HTTP 404,error
B07WPQTXYQ,HTTP 404,error
B07736Q4GC,Amazon.com Gift Card in a Greeting Card (Various Designs),success
B07RNNFLNT,Titre non trouvé,not_found
B07GFQ5B44,$200 Mastercard Gift Card (plus $6.95 Purchase Fee),success
B016PARZEC,Old Navy $50 Gift Card,success
B07D3P511R,HTTP 404,error
B06X6HSVDY,Titre non trouvé,not_found
B06ZYZ1TKK,Amazon.com Gift Card in a Premium Gift Box,success
B07YQL38L7,Amazon eGift Card - Celebration - (Instant Email or Text Delivery),success
B07MDQHZ7W,HTTP 404,error
B06ZY44YG4,Titre non trouvé,not_found
B01LX3U0H6,Titre non trouvé,not_found
375813659,HTTP 404,error
1501171348,The Last Thing He Told Me: A Novel,success
143127748,Titre non trouvé,not_found
1338680455,Titre non trouvé,not_found
62457713,HTTP 404,error
807014273,HTTP 404,error
345816021,Titre non trouvé,not_found
1250080401,The Nightingale: A Novel,success
1982160136,The Other Black Girl: A Novel,success
1623158281,Chakra Healing: A Beginner's Guide to Self-Healing Techniques that Balance the Chakras,success
1611806860,Letters to a Young Poet: A New Translation and Commentary,success
593137310,HTTP 404,error
1484707230,Titre non trouvé,not_found
920668372,HTTP 404,error
1623157900,Titre non trouvé,not_found
125019623X,"The Shadow and Bone Trilogy Boxed Set: Shadow and Bone, Siege and Storm, Ruin and Rising",success
593193318,HTTP 404,error
358423880,HTTP 404,error
1483815846,"Summer Bridge Activities 4th to 5th Grade Workbooks All Subjects, Activity Book With Math, Reading Comprehension, Science, Fitness, Social Studies, Writing Practice, and Flash Cards (Volume 6)",success
1483815854,"Summer Bridge Activities 5th to 6th Grade Workbooks All Subjects, Activity Book With Math, Reading Comprehension, Science, Fitness, Social Studies, Writing Practice, and Flash Cards (Volume 7)",success
B00GAC1D2G,$10 -PlayStation Store Gift Card [Digital Code],success
B00F4CEHNK,$10 Xbox Gift Card [Digital Code],success
B01LZNGPY3,$10 Nintendo eShop Gift Card [Digital Code],success
B07RZ74VLR,"Roblox Digital Gift Card - 1,000 Robux [Includes Exclusive Virtual Item] [Digital Code]",success
B08WW82716,Mario Golf: Super Rush - Nintendo Switch,success
B07RX6FBFR,Titre non trouvé,not_found
B017V6YVDC,PlayStation Plus: 1 Month Membership [Digital Code],success
B00F4CEWOY,Titre non trouvé,not_found
B094WL86N5,Titre non trouvé,not_found
B07TGNFVWV,Titre non trouvé,not_found
B07GBZ4Q68,Titre non trouvé,not_found
B01H6GUCCQ,"BENGOO G9000 Stereo Gaming Headset for PS4 PC Xbox One PS5 Controller, Noise Cancelling Over Ear Headphones with Mic, LED Light, 7.1 Surround Sound, Soft Memory Earmuffs for Nintendo Xbox Series X|S",success
B07GRM747Y,HTTP 404,error
B06Y42G518,Titre non trouvé,not_found
B08F7PTF53,HTTP 404,error
B08DF248LD,Xbox Core Wireless Controller – Carbon Black,success
B08G9J44ZN,Titre non trouvé,not_found
B07RZ75JW3,"Roblox Digital Gift Card - 5,250 Robux [Includes Exclusive Virtual Item] [Digital Code]",success
B07RLWTXKG,"MOVONE Wireless Controller Dual Vibration Game Joystick Controller for Ps4 Controller/Slim/Pro,Compatible with PS4 Console",success
B01NAWKYZ0,Nintendo Switch Pro Controller,success
B01N3ASPNV,amFilm Tempered Glass Screen Protector for Nintendo Switch 2017 (2-Pack),success
B08H75RTZ8,Xbox Series X - Gaming Console - 1TB SSD - Includes Wireless Controller - 4K Gaming - 120FPS - Carbon Black,success
B08FC5L3RG,PlayStation 5 Console,success
B08DFB488B,HTTP 404,error
B07F15CV12,HTTP 404,error
B08F7PTF54,Titre non trouvé,not_found
B010KYDNDG,Titre non trouvé,not_found
B08H9M7LDY,Super Mario 3D World + Bowser's Fury - US Version,success
B094WN6SY2,Titre non trouvé,not_found
B088GH4X9W,VALORANT $10 Gift Card - PC [Online Game Code],success
B097B1149G,Metroid Dread - US Version,success
B07RMC5BRL,"Razer Kraken X Ultralight Gaming Headset: 7.1 Surround Sound - Lightweight Aluminum Frame - Bendable Cardioid Microphone - for PC, PS4, PS5, Switch, Xbox One, Xbox Series X|S, Mobile - Black",success
B004RMK5QG,Titre non trouvé,not_found
1524798657,Malibu Rising: A Read with Jenna Pick: A Novel,success
525559477,Titre non trouvé,not_found
735211299,HTTP 404,error
1878424319,Titre non trouvé,not_found
1501110365,It Ends with Us: A Novel,success
1501161938,The Seven Husbands of Evelyn Hugo: A Novel,success
399226907,HTTP 404,error
374300216,HTTP 404,error
140280197,HTTP 404,error
1641526270,"My First Learn-to-Write Workbook: Practice for Kids with Pen Control, Line Tracing, Letters, and More!",success
735219109,HTTP 404,error
1400217075,"Dude Perfect 101 Tricks, Tips, and Cool Stuff",success
1984806750,Titre non trouvé,not_found
1612680178,Titre non trouvé,not_found
1589255518,I Love You to the Moon and Back,success
316540714,Titre non trouvé,not_found
62060627,HTTP 404,error
62315005,HTTP 404,error
1250178606,The Four Winds: A Novel,success
528023780,HTTP 404,error
761189602,HTTP 404,error
1601429649,Get Out of Your Head: Stopping the Spiral of Toxic Thoughts,success
1984806734,Beach Read,success
593135202,HTTP 404,error
62976583,Titre non trouvé,not_found
B094TCDJWC,Titre non trouvé,not_found
1984801252,Untamed: Reese's Book Club,success
080241270X,The 5 Love Languages: The Secret to Love that Lasts,success
62457802,Titre non trouvé,not_found
1501128035,The Unhoneymooners,success
1623159911,Crystals for Beginners: The Guide to Get Started with the Healing Power of Crystals,success
1647397294,"Self-Love Workbook for Women: Release Self-Doubt, Build Self-Compassion, and Embrace Who You Are (Self-Love for Women)",success
316420085,Titre non trouvé,not_found
1250304458,Titre non trouvé,not_found
805047905,HTTP 404,error
1791392792,Verity,success
679805273,HTTP 404,error
159285849X,The Gifts of Imperfection: Let Go of Who You Think You're Supposed to Be and Embrace Who You Are,success
399240462,HTTP 404,error
1684510821,"Speechless: Controlling Words, Controlling Minds",success
9387779262,Titre non trouvé,not_found
B095GD5SQM,Cooking with Grandma Gina,success
451524934,HTTP 404,error
593139135,Titre non trouvé,not_found
1684511801,Fault Lines: The Social Justice Movement and Evangelicalism's Looming Catastrophe,success
761187480,HTTP 404,error
593230256,HTTP 404,error
671027034,HTTP 404,error
1524798649,Daisy Jones & The Six: Reese's Book Club: A Novel,success
1338233580,Titre non trouvé,not_found
B083T83YJQ,"wansview Outdoor Security Camera, 1080P Waterproof WiFi Home Security Surveillance Bullet Camera with Night Vision, Motion Detection and Remote View, Compatible with Alexa (Black)",success
B07KPSLPRW,Titre non trouvé,not_found
B001TI9Y2M,Titre non trouvé,not_found
B08CNFLLH5,Titre non trouvé,not_found
B08CXM6QNM,"NETVUE Indoor Camera, 1080P FHD 2.4GHz WiFi Pet Camera, Home Camera for Pet/Baby, Dog Camera 2-Way Audio, Indoor Security Camera Night Vision, AI Human Detection, Cloud Storage/TF Card, Black (Black)",success
B08JCHVZ11,Titre non trouvé,not_found
B07FCJNX46,Titre non trouvé,not_found
B08T7FQ9P1,Titre non trouvé,not_found
B07YB8HZ8T,"Security Camera 2K, blurams Baby Monitor Dog Camera 360-degree for Home Security w/Smart Motion Tracking, Phone App, IR Night Vision, Siren, Works with Alexa & Google Assistant & IFTTT, 2-Way Audio",success
B08MTCWBR9,HTTP 404,error
B07V3M2DX9,Titre non trouvé,not_found
B01MQVXHUM,"SkyGenius 10 x 50 Binoculars for Adults Powerful Full-Size, Clear Durable Binoculars for Bird Watching Sightseeing Wildlife Watching Traveling Stargazing with Low Light Night Vision",success
B078WMVBXD,Titre non trouvé,not_found
B083HZTN8W,Titre non trouvé,not_found
B08DXD8LSR,"eufy Security Battery Video Doorbell C210 Kit, 1080p, No Subscription, Wi-Fi, 120-Day Battery Life, AI Detection, 2-Way Audio, Remote Monitoring",success
B086QXHQ77,Titre non trouvé,not_found
B07XP1619N,"Monocular Telescope Compatible with iPhone Android, 12x50 High Power Monocular for Bird Watching Adults with Smartphone Holder & Tripod BAK4 Prism for Wildlife Hunting Camping Travelling",success
B08F4YT84C,Titre non trouvé,not_found
B01CW4BVU4,Titre non trouvé,not_found
B07W6PXRR8,Titre non trouvé,not_found
B08PFCYVP6,Titre non trouvé,not_found
B07PM2NBGT,"ZUMIMALL Security Cameras Wireless Outdoor with Magnetic Mount, 2K Outdoor Camera Wireless, 2.4G WiFi Battery Cameras for Home Security Indoor,3MP Color Night Vision/130° View/2-Way Talk/SD/Alexa",success
B092RXFP4F,Titre non trouvé,not_found
B086V5H1YQ,Titre non trouvé,not_found
B07GF4JCDY,"Adorrgon 12x42 HD Binoculars for Adults High Powered with Phone Adapter, Tripod and Tripod Adapter - Large View Binoculars with Clear Low Light Vision - Binocular for Bird Watching Cruise Travel",success
B08SQGYHJ7,Titre non trouvé,not_found
B01CW4CR4I,"YI Pet Security Camera 1pc, 1080p 360-degree Pan-Tilt Smart Indoor IP Cam with Night Vision, 2-Way Audio, Motion-Tracking，Human Detection, Phone App, Compatible with Alexa and Google",success
B08FMM86JN,"16X52 Monocular Telescope High Powered for Adults, 2023 Power Prism Compact Monoculars for Adults,HD Monocular Scope for Gifts, Outdoor Activity,Bird Watching,Hiking,Concert,Travelling",success
B08JB4LZ19,Titre non trouvé,not_found
B08V4NP5LT,"Security Camera Outdoor, Wireless Rechargeable Battery Powered 1080P WiFi Home Surveillance Camera with Waterproof, Night Vision, Motion Detection, 2-Way Audio and SD Storage",success
B07X81M2D2,Titre non trouvé,not_found
B08R8BGDM5,Titre non trouvé,not_found
B08RC11JLL,HTTP 404,error
B07PHLG4C2,Titre non trouvé,not_found
B082Y6PHKR,Compact Binoculars for Kids Bird Watching Hiking Camping Fishing Accessories Gear Essentials Best Toy Gifts for Boys Girls Children Toddler Waterproof 5X30 Optical Lens Including Compass,success
B08GG6FCLT,Titre non trouvé,not_found
B07PVMRZQH,Titre non trouvé,not_found
B01CW4AZDS,Titre non trouvé,not_found
B08S36GM4B,HTTP 404,error
B08TC5RGSX,HTTP 404,error
B086VJN8RC,Titre non trouvé,not_found
B08K8W68BX,Titre non trouvé,not_found
B0868LH58W,Titre non trouvé,not_found
B07B8XTS3Z,"Gosky 12x55 HD Monocular Telescope with BAK4 Prism & FMC Lens, Lightweight with Smartphone Adapter - For Bird Watching, Hunting, Hiking, Traveling",success
B07J224T84,Titre non trouvé,not_found
B00B73JOC4,Titre non trouvé,not_found
B06WD843ZM,"Jiusion 40 to 1000x Magnification Endoscope, 8 LED USB 2.0 Digital Microscope, Mini Camera with OTG Adapter Metal Stand, Compatible with Mac Windows 7 8 10 11 Android Linux Chrome Not for iPhone/iPad",success
B08F3CVP38,Titre non trouvé,not_found
B07GB2T125,Titre non trouvé,not_found
B08L3KS4FN,Titre non trouvé,not_found
B088GD5WD4,Titre non trouvé,not_found
B00NLZUM36,"Redragon S101-3 PRO Gaming Keyboard and Mouse, RGB Backlit Programmable Keyboard Mouse with Software, Independent Macro Record Keys, Value Combo Set, New Update Version",success
B07VGRJDFY,Titre non trouvé,not_found
B084RPZD6T,Razer Viper Mini Ultralight Gaming Mouse: Fastest Gaming Switches - 8500 DPI Optical Sensor - Chroma RGB Underglow Lighting - 6 Programmable Buttons - Drag-Free Cord - Classic Black,success
B08ZNQN1FP,"Xbox Core Wireless Gaming Controller – Electric Volt Series X|S, One, Windows PC, Android, and iOS",success
B07Y693ND1,Titre non trouvé,not_found
B01NAUKS62,Titre non trouvé,not_found
B08FC6C75Y,HTTP 404,error
B07X6CWM3G,Titre non trouvé,not_found
B088CK6GP1,SCARLET NEXUS - PlayStation 5,success
B00Z0UWV98,"Logitech G920 Driving Force Racing Wheel and Floor Pedals, Real Force Feedback, Stainless Steel Paddle Shifters, Leather Steering Wheel Cover for Xbox Series X|S, Xbox One, PC, Mac - Black",success
B07SFKTLZM,"Xbox Elite Series 2 Core Wireless Gaming Controller – Black – Xbox Series X|S, Xbox One, Windows PC, Android, and iOS",success
B07DVFQ1SV,Titre non trouvé,not_found
B01MY7GHKJ,Titre non trouvé,not_found
B07F7T8J9P,Titre non trouvé,not_found
B07TFP7JFH,Titre non trouvé,not_found
B07SBX48TY,Titre non trouvé,not_found
B07SL6ZXBL,Titre non trouvé,not_found
B071WNWHZ7,HTTP 404,error
B07VNTFHD5,Titre non trouvé,not_found
B004RMK57U,Playstation Plus 3-Month Membership [Digital Code],success
B08ZNJBQKQ,Titre non trouvé,not_found
B08BSKT43L,Ghost of Tsushima - PlayStation 4,success
B08BRQKSMB,Just Dance 2021 - Nintendo Switch Standard Edition,success
B08M1V413G,Titre non trouvé,not_found
B07CMS5Q6P,Titre non trouvé,not_found
B08X8FDHFN,Titre non trouvé,not_found
B07SR1FMMC,Titre non trouvé,not_found
B082G5SPR5,Titre non trouvé,not_found
B01FZ3BR5S,Titre non trouvé,not_found
B07SK4W1VJ,Titre non trouvé,not_found
B07DJY81FP,Super Mario Party - US Version,success
B07DK13HKX,Titre non trouvé,not_found
B07MRMHML9,Titre non trouvé,not_found
B00YXO5U40,Titre non trouvé,not_found
B016MAK38U,"Redragon K552 Mechanical Gaming Keyboard, 87-Key Compact, LED Gaming Keyboard with Red Switches, Anti-Ghosting, Metal Frame for PC Gaming & Typing, Beginner-Friendly (Black)",success
B07XV4NHHN,Titre non trouvé,not_found
B07GCKQD77,Titre non trouvé,not_found
B08BXHGPVB,Titre non trouvé,not_found
B08L9D5P1B,Titre non trouvé,not_found
B07SG15148,Titre non trouvé,not_found
B08PBS4M26,HTTP 404,error
B07SQZ3GJG,Titre non trouvé,not_found
B07FZVXS8H,SteelSeries Arctis 7 - Lossless Wireless Gaming Headset with DTS Headphone: X v2.0 Surround - for PC and PlayStation 4 - Black,success
B08WJPJ1NC,Titre non trouvé,not_found
B0795GHTBC,Titre non trouvé,not_found
B01N1037CV,Titre non trouvé,not_found
B01ALLT2W4,Titre non trouvé,not_found
B08FC5TTBF,Titre non trouvé,not_found
B01BCNZJ54,Titre non trouvé,not_found
B08CWL8X61,New Pokemon Snap - Nintendo Switch,success
B004VSTQ2A,Titre non trouvé,not_found
B00O15486W,Final Fantasy XIV Online: 60 Day Time Card [Online Game Code],success
B08FQG96RP,Titre non trouvé,not_found
B07TC8J6HK,Jeecoo V20U USB Pro Gaming Headset for PC - 7.1 Surround Sound Headphones with Noise Cancelling Microphone- Memory Foam Ear Pads RGB Lights for Laptops,success
B089D4BNRY,"INPHIC Pink Gaming Mouse. USB Optical Wired Mouse. RGB Backlight. 4 Levels Adjustable DPI up to 4800. Silent Click, Ergonomic and 7 programmable Buttons Design. PC Gaming Mice for Windows System.",success
B01CDCG4KM,Titre non trouvé,not_found
B079XT422B,Titre non trouvé,not_found
B078GZM4H8,Nintendo Joy-Con (L/R) - Neon Pink/Neon Green,success
B086VSVBBY,Titre non trouvé,not_found
B07YPBQSCK,"Razer Basilisk X HyperSpeed Wireless Gaming Mouse: Bluetooth & Wireless Compatible, 16K DPI Optical Sensor, 6 Programmable Buttons, 450 Hr Battery, Classic Black",success
B07HCZ7LPW,New Super Mario Bros. U Deluxe - US Version,success
B07X6C9RMF,Titre non trouvé,not_found
B07Q3T177V,HTTP 404,error
B07DGR98VQ,Titre non trouvé,not_found
B095NWYQBC,"Wyze Cam Spotlight, Wyze Cam v3 Security Camera with Spotlight Kit, 1080p HD Security Camera with Two-Way Audio and Siren, IP65 Weatherproof, Compatible with Alexa and Google Assistant",success
B081RJ8DW1,"Gskyer Telescope, 70mm Aperture 400mm AZ Mount Astronomical Refracting Telescope for Kids Beginners - Travel Telescope with Carry Bag, Phone Adapter and Wireless Remote.",success
B0756BXDTX,"Occer 12x25 Compact Binoculars for Adults and Kids, Large Eyepiece Waterproof Binocular with Low Light Vision,High Powered Easy Focus Binoculars for Bird Watching,Outdoor Hunting,Travel,Sightseeing",success
B07PJ67CKC,Titre non trouvé,not_found
B07GCKZKX8,HTTP 404,error
B07W1HKYQK,Titre non trouvé,not_found
B08FHS3W9X,Titre non trouvé,not_found
B01CW4AR9K,Titre non trouvé,not_found
B017SD8RWO,"Zmodo Outdoor Security Cameras Wifi - 1080p Full HD Surveillance Cameras for Home Security with Night Vision, IP 66 Weatherproof, Plug-In, Motion Detection, 4 Pack",success
B07Q1GHB5X,Titre non trouvé,not_found
B07X4BCRHB,Titre non trouvé,not_found
B07QKXM2D3,Titre non trouvé,not_found
B00WBJGUA2,Titre non trouvé,not_found
B07RM61WQ6,Titre non trouvé,not_found
B07VLXKZ33,Titre non trouvé,not_found
B0856W45VL,"eufy Security Indoor Cam E220, Camera for home Security, Pan & Tilt, Dog/Pet Camera, 2K Wi-Fi Plug-in, Motion Tracking, Motion Only Alerts, Night Vision, HomeBase 3 Compatible, Voice Assistant Support",success
B00X5TNSCA,"Carson MicroBrite Plus 60x-120x Power LED Lighted Pocket Microscope - Set of 4 (MM-300MU),Black/Grey",success
B08PV15RGG,Titre non trouvé,not_found
B08KHCR1YF,Titre non trouvé,not_found
B08B5T3XL9,Titre non trouvé,not_found
B07RRDR4PQ,"Kasa Smart KC110 Dome Indoor Security Camera by TP-Link, 1080p HD Smart Home Pan/Tilt Camera with Night Vision, Motion Detection for Pet Baby Monitor, Works with Alexa & Google Home",success
B08V5HLHN3,Titre non trouvé,not_found
B07G2YR23M,"WYZE Cam v2 1080p HD Indoor WiFi Smart Home Camera with Night Vision, 2-Way Audio, Works with Alexa & the Google Assistant, White, 1-Pack",success
B08644FKP1,Titre non trouvé,not_found
B08P4DZYGC,Titre non trouvé,not_found
B082WW1SWW,HTTP 404,error
B07R5YH7YN,"REOLINK Argus Eco+Solar Panel 2K 5MP Solar Security Camera Outdoor for Home Surveilance, Night Vision, Human/Car Smart Detection, 2.4G WiFi, No Subscription, Home Hub Compatible, Local Storage",success
B089W4PKRW,"360 AC1C Indoor Security Camera, 2K Home Camera with [Advanced AI Algorithms], Human and Motion Detection, Light Color Night Vision, Activity Zones, Cloud and Local Storage,5G Not Compatible",success
B08DLKPP6Y,Titre non trouvé,not_found
B08Z78WMGS,Titre non trouvé,not_found
B01CW49AGG,"YI Outdoor Security Camera, 1080p Cloud Cam IP Waterproof Night Vision Surveillance System with Two-Way Audio, Motion Detection, Activity Alert, Deterrent Alarm - iOS, Android App Available",success
B08J158TVV,Titre non trouvé,not_found
B07X1YLC2L,Titre non trouvé,not_found
B08GH9KL4M,Titre non trouvé,not_found
B08571VZ3Q,Titre non trouvé,not_found
B08XN821N5,Titre non trouvé,not_found
B00000IZJB,Titre non trouvé,not_found
B007DW6F34,Titre non trouvé,not_found
B01N16VX79,SwimWays Baby Spring Float Activity Center with Canopy - Blue/Orange Lobster,success
B09197N995,Titre non trouvé,not_found
B015CCR1FW,"Barbie Dreamtopia Doll, Rainbow Lights Mermaid with Glimmering Light Up Rainbow Tail, Tiara and Blonde Hair",success
B07TS96J7Q,Titre non trouvé,not_found
B00BTX5926,Titre non trouvé,not_found
B00ABA0ZOA,Hasbro Gaming Jenga Game | The Original Wood Block Game with Genuine Hardwood Blocks | Stacking Tower | Ages 6+ | 1 or More Players | Party Games for Kids | Family Games,success
B08SLZ712T,"2 Packs Pop Fidget Sensory Toys, Autism Special Needs Stress Relief Silicone Pressure Relieving, Round and Square Squeeze Toys for Kids Children Adults (Set of 2)",success
B07H331J4R,Titre non trouvé,not_found
B08KGV5MZD,"Infinity Cube Fidget Toy Stress Relieving Fidgeting Game for Kids and Adults,Cute Mini Unique Gadget for Anxiety Relief and Kill Time (Macaron Blue)",success
B07GTDRNKD,Titre non trouvé,not_found
B08TVWR4C6,"ASONA Rainbow Push Bubble Pop Fidget Toys 3 Packs Bubbles Wrap Popper Popping Sensory Toy for Girls Boys Kids Toddlers, Anxiety Stress Relief Toy for Christmas Stuff Circle Square Octagon Multi Color",success
B004INDQWY,"Little Tikes Spiralin' Seas Waterpark Play Table, Multicolor",success
B01DGIKD68,Titre non trouvé,not_found
B01C5A2WJO,Titre non trouvé,not_found
B097ZZCJFX,Titre non trouvé,not_found
B07PHCWJ9W,Titre non trouvé,not_found
B07Y29TRQY,Titre non trouvé,not_found
B000KI111Y,Titre non trouvé,not_found
B00PYLU3GG,Titre non trouvé,not_found
B0796JVBJ8,Titre non trouvé,not_found
B007YCMCIA,Titre non trouvé,not_found
B071CKSMS7,Titre non trouvé,not_found
B08PW4GGZN,Titre non trouvé,not_found
B097CJZ9TL,Titre non trouvé,not_found
B097H17CVQ,Titre non trouvé,not_found
B07SXLYQ6S,Creativity for Kids Glow in The Dark Rock Painting Kit | Paint & Decorate 10 Rocks with Vibrant Colors & Glow Accents | DIY Rock Painting Kit for Kids | Fun Arts & Crafts (Ages 6+),success
B08KRKY9BQ,Titre non trouvé,not_found
B00YTWEMUO,Playskool Sit ‘n Spin Classic Spinning Activity Toy for Toddlers Ages Over 18 Months (Amazon Exclusive),success
B08FNW7QDB,"Bentgo Buddies Reusable Slim Ice Packs for Lunch Boxes, Lunch Bags, and Coolers - Multicolored 4-Pack (Dinosaur)",success
B08PN3D63S,Titre non trouvé,not_found
B08TLVJQRZ,Titre non trouvé,not_found
B00000IVAK,Titre non trouvé,not_found
B00U26V4VQ,"CATAN Board Game - Embark on a Journey of Discovery and Trade! Civilization Building Strategy Game, Family Game for Kids & Adults, Ages 10+, 3-4 Players, 60-90 Minute Playtime, Made by CATAN Studio",success
B01IXYY172,Titre non trouvé,not_found
B01MG2163Y,Titre non trouvé,not_found
B0812LQ8GW,Titre non trouvé,not_found
B07YQMVKY6,"Mattel Minions Tiny Toot Fart Toy Blaster, Role-Play Accessory with Firing Mechanism to Vary Sound",success
B091TL7CCP,HTTP 404,error
B087ZTH98B,Titre non trouvé,not_found
B07PWDYF5J,Titre non trouvé,not_found
B07BMLS2BT,Titre non trouvé,not_found
B001MY20X8,Titre non trouvé,not_found
B07Z5BRRF7,"Beat That! Family Game Night Set - 160 Wacky Skill Challenges - Fun Party Activities for Kids and Adults - Interactive Group Game for Birthdays, Holidays, and Gatherings by Gutter Games",success
B086CBQD2M,Titre non trouvé,not_found
B093KXBQL4,Titre non trouvé,not_found
B084TRQCVX,Titre non trouvé,not_found
B094H9X2VV,"Big Size Push Pop Bubble Sensory Fidget Toys,252 Bubbles Stress Reliever Silicone Pressure Relieving Toy,for Kids Autism and Adult Anxiety Easy to Grasp Pop Silicone Toy (3Pcs,Rainbow)",success
B0922WX37L,Titre non trouvé,not_found
B07PTSZ43T,Titre non trouvé,not_found
B07MYTBV6N,Titre non trouvé,not_found
B07P6RFKRL,"Crayola Light Up Tracing Pad - Teal, Kids Light Board For Tracing & Sketching, Kids Toys, Gifts for Girls & Boys, 6+ [Amazon Exclusive]",success
B00000DMF5,"Hasbro Gaming Candy Land Kingdom of Sweet Adventures Board Game for Kids, Ages 3 & Up (Amazon Exclusive)",success
B01BX4G6FY,ThinkFun Circuit Maze Game - Brain-Boosting STEM Toy | Teaches Circuitry Through Engaging Gameplay | Toy of The Year Finalist | Ideal for Boys and Girls Age 8 and Up,success
B00006RVTS,Titre non trouvé,not_found
B07GYXYWQF,HTTP 404,error
B08F4YKCBR,"LaView Security Cameras for Home + 2X 32GB SD Cards, PT Home Security Camera System with Motion Detection, Two-Way Audio, Night Vision, Indoor WiFi Camera for Baby/pet, Alexa, USA Cloud Service",success
B0875Q5GVQ,Titre non trouvé,not_found
B08CVPYCPR,Titre non trouvé,not_found
B07MYYV9K1,"LET'S GO! Binocular for Kids, Compact High Resolution Shockproof Binoculars",success
B089DDXV1W,Titre non trouvé,not_found
B07LFWD71T,Titre non trouvé,not_found
B06XT7M6P5,Titre non trouvé,not_found
B082KWD94W,"ieGeek Security Cameras Wireless Outdoor, 2K Solar Camera Security Outdoor with Spotlight & Siren, AI Detection Wireless Cameras for Home Security, 3MP Color Night Vision/2-Way Talk/Works with Alexa",success
B08PFDP55G,Titre non trouvé,not_found
B0829WGK49,Titre non trouvé,not_found
B08R5LZYDW,Titre non trouvé,not_found
B01CETEZ78,"Aqua 4-in-1 Monterey Hammock Pool Float & Water Hammocks, 1-2-3-4 Multipacks – Multiple Colors/Styles – for Adults and Kids Floating",success
B0982B1F1J,Titre non trouvé,not_found
B07R2CNSTK,Titre non trouvé,not_found
B010TQY7A8,Titre non trouvé,not_found
B07H4YQF3Q,Titre non trouvé,not_found
B07CRSXMW8,"VTech Sit-to-Stand Learning Walker (Frustration Free Packaging), Blue",success
B085KTQKNC,Titre non trouvé,not_found
B083VRT815,Titre non trouvé,not_found
B00DW1JT5G,Titre non trouvé,not_found
B07MWPMZXN,"5 Surprise Mini Brands (2 Pack) Series 1 by ZURU Amazon Exclusive Mystery Real Miniature Collectible Toy Capsule (PVC Tube Packaging), Gold",success
B00PKNO7LK,"Bentgo Kids Bento-Style 5-Compartment Leak-Proof Lunch Box - Ideal Portion Sizes for Ages 3 to 7 - Durable, Drop-Proof, Dishwasher Safe, PFAS & BPA-Free & Made with Food-Safe Materials (Blue)",success
B07P6MZPK3,Titre non trouvé,not_found
B00JM5GW10,"Play Doh Modeling Compound 10-Pack Case of Assorted Colors, Non-Toxic 2 oz. Cans, Christmas Stocking Stuffer Gifts, Prizes, & Party Favors, Preschool Toys for Kids, Ages 2+ (Amazon Exclusive)",success
B018HB2QFU,Titre non trouvé,not_found
B001CJVTLC,Pokemon Assorted Lot of 50 Single Cards [Any Series],success
B097ZMX6ZC,Titre non trouvé,not_found
B00005C5H4,Titre non trouvé,not_found
B00000IV35,PlayMonster Five Crowns — The Game Isn't Over Until the Kings Go Wild! — 5 Suited Rummy-Style Card Game — For Ages 8+,success
B083GQD7FB,Titre non trouvé,not_found
B0721MB4L6,Titre non trouvé,not_found
B071FLSWBS,Titre non trouvé,not_found
B07W7FLKRW,"Shashibo Shape Shifting Box - Award-Winning STEM Fidget Toy with Strong Magnets - Fidget Cube Transforms Into 100+ Shapes, Christmas Stocking Stuffers Gift for Kids, Teens, and Adults (Blue Planet)",success
B07NXDJ52C,Titre non trouvé,not_found
B012A7R7I8,Titre non trouvé,not_found
B019592A6I,Titre non trouvé,not_found
B07MBW6JNL,BUNMO Stocking Stuffers for Kids - Pop Tubes - Sensory Toys - Toddler Toys - Imaginative Play & Stimulating Creative Learning - Stocking Stuffers for Toddlers - 4 Pack Large,success
B09138R2XM,Titre non trouvé,not_found
B00N1QPNMA,Titre non trouvé,not_found
B07B6NP36Q,"CozyBomB™ Magnetic Fishing Toys Game Set for Kids | Water Table Bathtub Kiddie Pool Party Pole Rod Net, Outdoor Plastic Floating Fish, Toddler Bath Color Ocean Sea Animals Birthday Gift Age 3-5 6 4-8",success
B083ZZSGLR,Nuby Floating Octopus with 3 Hoopla Rings - Baby & Toddler Bath Toy - No Hole Design Keeps Moisture Out - Fine Motor Skills - 18+ Months - Great Baby Pool Toys,success
B078VVLQ6J,Titre non trouvé,not_found
B0836WRWFY,"SplashEZ 3-in-1 Splash Pad, Sprinkler for Kids and Baby Pool for Learning – Children’s Sprinkler Pool, 60’’ Inflatable Water Summer Toys – “Around The World” Outdoor Play Mat for Babies & Toddlers",success
B00D8STBHY,Titre non trouvé,not_found
B07D4T2XKB,Titre non trouvé,not_found
B06XV1LW52,"Fun Stuff Banzai Spring and Summer 3 Piece Magical Mermaid Dolls, in Assorted Colors",success
B004S8F7QM,Titre non trouvé,not_found
B08CVSNRRG,"Bunch O Balloons Rapid-Filling Red, White and Blue Water Balloons 6 Pack (100 Balloons) (Amazon Exclusive)",success
B009CAPYR8,Titre non trouvé,not_found
